mileage,make,model,fuel,gear,offerType,price,hp,year
119448,BMW,3 Series,Petrol,Manual,Used,9001,117.0,2014
92466,Peugeot,208,Petrol,Automatic,Used,3888,60.0,2013
84056,SEAT,Ateca,Electric,Manual,New,12912,114.0,2016
27205,Opel,Insignia,Diesel,Automatic,Used,7114,59.0,2018
125291,Opel,Mokka,Petrol,Manual,Used,3926,118.0,2013
500,Toyota,C-HR,Petrol,Manual,Used,12394,142.0,2019
20520,BMW,5 Series,Diesel,Automatic,Used,21115,175.0,2018
201237,Renault,Kadjar,Diesel,Manual,Used,3020,102.0,2012
44064,Mercedes-Benz,A-Class,Petrol,Automatic,Used,33866,164.0,2021
211166,BMW,5 Series,Diesel,Manual,Used,3703,64.0,2011
108570,Skoda,Kodiaq,Petrol,Automatic,Used,7927,170.0,2018
128555,Hyundai,i20,Petrol,Automatic,Used,5186,154.0,2015
44150,Renault,Captur,Petrol,Manual,Used,9918,76.0,2018
8696,Peugeot,508,Diesel,Automatic,Used,11374,152.0,2019
100136,Renault,Captur,Hybrid,Manual,Used,8306,161.0,2018
62260,Peugeot,508,Petrol,Manual,Used,8029,116.0,2018
117291,Skoda,Octavia,Petrol,Manual,Used,7481,77.0,2020
47222,BMW,X3,Petrol,Automatic,Used,14303,135.0,2018
114051,Toyota,C-HR,Petrol,Automatic,Used,9227,153.0,2019
99512,Opel,Insignia,Hybrid,Semi-automatic,Used,6580,72.0,2015
181762,Skoda,Kodiaq,Petrol,Automatic,Used,4026,77.0,2013
194384,Ford,Fiesta,Petrol,Manual,Used,3836,130.0,2013
39197,Mercedes-Benz,A-Class,Diesel,Automatic,Used,15894,163.0,2017
73025,Hyundai,i30,Diesel,Semi-automatic,Used,7137,207.0,2016
128846,Peugeot,508,Petrol,Automatic,Used,3846,150.0,2011
91952,SEAT,Ibiza,Diesel,Automatic,Used,4442,68.0,2013
38347,Ford,Fiesta,Petrol,Automatic,Used,14428,222.0,2021
53118,Peugeot,208,Hybrid,Manual,Used,8313,159.0,2018
46833,Skoda,Superb,Petrol,Automatic,Used,12292,50.0,2019
154468,Opel,Astra,Diesel,Semi-automatic,Used,3206,61.0,2013
99991,Opel,Corsa,Petrol,Automatic,Used,3817,98.0,2011
165037,Mercedes-Benz,GLC,Diesel,Manual,Used,9047,146.0,2014
17782,BMW,5 Series,Petrol,Manual,Used,21280,50.0,2020
108634,Skoda,Octavia,Petrol,Semi-automatic,Used,7373,105.0,2016
66725,Toyota,Yaris,Petrol,Automatic,Used,11351,163.0,2019
137978,Volkswagen,Golf,Petrol,Automatic,Used,7170,50.0,2016
86330,Toyota,C-HR,Petrol,Automatic,Used,6642,159.0,2016
673,Peugeot,3008,Diesel,Manual,Used,8581,150.0,2017
16999,Audi,Q5,Diesel,Automatic,Demonstration,38091,92.0,2021
112025,SEAT,Ibiza,Diesel,Manual,Used,5596,57.0,2015
38801,BMW,5 Series,Electric,Manual,Demonstration,24295,72.0,2017
20162,Peugeot,208,Diesel,Manual,Used,10232,50.0,2021
92364,Renault,Megane,Diesel,Manual,Used,4355,94.0,2015
500,Ford,Kuga,Diesel,Manual,Used,13351,124.0,2020
113502,Volkswagen,Tiguan,Diesel,Automatic,Used,7435,70.0,2016
10270,Hyundai,i30,Diesel,Manual,Used,16118,158.0,2020
75777,Opel,Mokka,Petrol,Automatic,Used,6855,130.0,2016
58810,Toyota,RAV4,Diesel,Manual,Used,9898,123.0,2017
163242,Renault,Megane,Petrol,Automatic,Used,3691,105.0,2014
73568,Peugeot,508,Diesel,Manual,Used,7557,144.0,2017
122768,Peugeot,308,Petrol,Automatic,Used,4003,181.0,2014
59578,Mercedes-Benz,C-Class,Diesel,Automatic,Used,13022,108.0,2017
61200,Ford,Mondeo,Petrol,Manual,Used,10887,147.0,2019
152226,Opel,Mokka,Hybrid,Manual,Used,4391,144.0,2015
127675,Opel,Astra,Diesel,Manual,Used,3587,128.0,2015
144040,Volkswagen,Tiguan,Hybrid,Manual,Used,4773,183.0,2014
66218,Skoda,Kodiaq,Diesel,Manual,Used,11019,80.0,2019
26692,BMW,1 Series,Petrol,Manual,Used,15796,92.0,2017
59336,Renault,Megane,Petrol,Automatic,Used,6938,90.0,2016
157825,Renault,Captur,Diesel,Manual,Used,2715,138.0,2011
124595,Hyundai,Tucson,Petrol,Manual,Used,3924,94.0,2012
127741,Renault,Captur,Diesel,Manual,Used,2819,74.0,2011
500,Ford,Kuga,Petrol,Manual,Used,14294,189.0,2020
500,Hyundai,Tucson,Diesel,Manual,Used,14972,195.0,2020
156022,Ford,Kuga,Electric,Automatic,Used,4343,105.0,2011
162570,Audi,A6,Diesel,Automatic,Used,5807,58.0,2011
17243,Toyota,RAV4,Electric,Manual,Used,19908,197.0,2019
92762,Ford,Focus,Diesel,Manual,Used,7258,131.0,2016
104816,Volkswagen,Golf,Petrol,Manual,Used,5567,127.0,2014
113170,Opel,Mokka,Diesel,Automatic,Used,5675,131.0,2017
129343,Peugeot,508,Diesel,Manual,Used,3475,71.0,2013
159372,Mercedes-Benz,A-Class,Diesel,Automatic,Used,7932,103.0,2013
112112,Opel,Astra,Petrol,Automatic,Used,5748,154.0,2015
500,BMW,1 Series,Diesel,Automatic,Used,27148,109.0,2020
41827,Renault,Clio,Petrol,Manual,Used,11256,132.0,2019
91753,Opel,Corsa,Hybrid,Automatic,Used,5065,123.0,2013
71216,Audi,A4,Diesel,Manual,Used,13677,63.0,2017
3920,Mercedes-Benz,C-Class,Diesel,Manual,Used,27395,187.0,2020
28369,Skoda,Kodiaq,Diesel,Automatic,Used,15732,157.0,2021
500,Renault,Captur,Diesel,Automatic,Used,11778,143.0,2019
150515,Hyundai,i30,Petrol,Manual,Used,3200,131.0,2012
155035,Opel,Insignia,Petrol,Manual,Used,2942,50.0,2013
166766,BMW,3 Series,Diesel,Manual,Demonstration,6808,85.0,2013
123254,Peugeot,308,Diesel,Automatic,Used,4102,52.0,2012
150621,SEAT,Ateca,Petrol,Manual,Used,2754,112.0,2012
126445,Renault,Megane,Diesel,Manual,Used,4156,123.0,2014
129149,BMW,1 Series,Petrol,Manual,Used,9156,117.0,2017
53153,Audi,A3,Hybrid,Semi-automatic,Used,16057,162.0,2015
73111,Peugeot,208,Diesel,Automatic,Used,5548,57.0,2015
233156,Peugeot,3008,Petrol,Manual,Used,1881,71.0,2013
140442,Opel,Mokka,Petrol,Automatic,Used,3722,140.0,2012
500,Peugeot,308,Petrol,Manual,Used,9101,127.0,2021
54611,Toyota,Yaris,Petrol,Automatic,Used,10080,67.0,2017
38089,Ford,Mondeo,Petrol,Automatic,Used,7741,176.0,2013
53432,Toyota,Corolla,Petrol,Manual,New,19412,182.0,2019
58342,Audi,A3,Petrol,Automatic,Used,17279,148.0,2020
500,Mercedes-Benz,A-Class,Petrol,Semi-automatic,Used,25790,50.0,2021
133525,Renault,Megane,Petrol,Manual,Used,3749,113.0,2012
92328,SEAT,Arona,Petrol,Manual,Used,8748,127.0,2018
500,BMW,5 Series,Diesel,Automatic,Used,32903,118.0,2021
500,Peugeot,3008,Petrol,Manual,New,20062,174.0,2019
127016,Mercedes-Benz,A-Class,Diesel,Automatic,Used,8595,,2013
3668,Peugeot,208,Diesel,Manual,Used,13066,209.0,2020
94715,Volkswagen,Polo,Diesel,Automatic,Used,7607,159.0,2015
45769,Peugeot,208,Diesel,Automatic,Used,5749,137.0,2016
82501,Peugeot,3008,Petrol,Semi-automatic,Used,6639,152.0,2017
39777,Peugeot,508,Diesel,Manual,Demonstration,8267,182.0,2019
169222,SEAT,Arona,Petrol,Semi-automatic,Used,3183,146.0,2012
97014,Opel,Corsa,Petrol,Manual,Used,4274,107.0,2016
52234,Renault,Megane,Diesel,Automatic,Used,9317,98.0,2019
24379,Audi,A6,Diesel,Automatic,Used,16459,76.0,2017
137241,Peugeot,3008,Petrol,Manual,Used,3021,50.0,2014
153420,Skoda,Kodiaq,Petrol,Automatic,Used,4247,128.0,2011
69169,Opel,Astra,Diesel,Manual,Used,5828,94.0,2017
96689,Skoda,Octavia,Diesel,Manual,Used,7728,97.0,2018
49820,Skoda,Fabia,Diesel,Automatic,Used,8979,172.0,2017
62291,Volkswagen,Polo,Diesel,Manual,Used,15687,110.0,2021
125557,BMW,5 Series,Diesel,Automatic,Used,13275,211.0,2017
116347,Mercedes-Benz,GLC,Hybrid,Manual,Used,11803,84.0,2016
130678,BMW,3 Series,Diesel,Manual,Demonstration,5533,61.0,2011
500,Opel,Mokka,Diesel,Automatic,Used,11329,69.0,2017
187759,Renault,Captur,Electric,Manual,Used,4271,139.0,2012
63898,SEAT,Ateca,Petrol,Semi-automatic,Demonstration,11668,164.0,2018
123918,Opel,Insignia,Petrol,Semi-automatic,Used,2962,79.0,2012
71075,Toyota,Yaris,Petrol,Manual,Used,10802,66.0,2020
89845,Skoda,Superb,Hybrid,Manual,Used,7414,177.0,2014
90155,Volkswagen,Golf,Diesel,Manual,Used,6296,50.0,2015
168371,Peugeot,3008,Diesel,Automatic,Used,2894,166.0,2012
96024,Skoda,Superb,Electric,Manual,Used,7944,81.0,2013
11168,SEAT,Ateca,Petrol,Automatic,Demonstration,16649,148.0,2021
158120,Skoda,Fabia,Hybrid,Semi-automatic,Used,4541,156.0,2014
97389,Skoda,Fabia,Diesel,Manual,Used,7829,131.0,2016
58660,BMW,5 Series,Hybrid,Automatic,Used,23325,117.0,2021
114676,Skoda,Octavia,Diesel,Manual,Used,5593,174.0,2017
165271,Peugeot,3008,Petrol,Automatic,Used,2579,133.0,2011
38214,Audi,A3,Electric,Manual,Used,17239,274.0,2014
66298,SEAT,Leon,Diesel,Automatic,Used,6827,50.0,2015
146717,Volkswagen,Passat,Diesel,Manual,New,7052,50.0,2014
80741,Ford,Focus,Petrol,Automatic,Used,6823,167.0,2013
78566,Opel,Mokka,Petrol,Manual,New,7359,109.0,2016
116847,Hyundai,i30,Diesel,Automatic,Used,5508,160.0,2015
171435,Mercedes-Benz,C-Class,Electric,Automatic,Used,11810,74.0,2014
84874,Audi,A6,Diesel,Automatic,Used,13793,126.0,2015
97478,Ford,Kuga,Diesel,Automatic,Used,5790,144.0,2014
133164,Hyundai,Tucson,Diesel,Manual,Used,4250,83.0,2013
117282,Toyota,C-HR,Electric,Manual,Used,7775,119.0,2015
9601,Volkswagen,Polo,Diesel,Manual,Used,14181,54.0,2021
126724,Mercedes-Benz,GLC,Petrol,Automatic,Used,15224,143.0,2016
47030,Peugeot,308,Diesel,Manual,Used,7396,176.0,2017
19206,Volkswagen,Passat,,Manual,Used,21061,59.0,2021
90582,Toyota,Yaris,Petrol,Automatic,Used,7131,68.0,2017
120992,Audi,A6,Diesel,Manual,Used,9427,161.0,2013
134390,Hyundai,i30,Diesel,Automatic,Used,4332,65.0,2015
95214,Audi,A6,Diesel,Manual,Used,14816,148.0,2016
117610,Opel,Mokka,Diesel,Manual,Used,5809,112.0,2016
156794,SEAT,Arona,Petrol,Automatic,Used,3923,102.0,2012
163174,BMW,1 Series,Petrol,Manual,New,9036,172.0,2012
97866,Skoda,Octavia,Diesel,Automatic,Used,6278,165.0,2014
500,Skoda,Octavia,Petrol,Manual,Used,15966,128.0,2021
102854,Peugeot,508,Petrol,Manual,Used,6541,50.0,2018
52243,Hyundai,i30,Diesel,Manual,Used,11030,146.0,2020
114196,SEAT,Ibiza,Diesel,Manual,Used,4479,58.0,2012
111330,Ford,Fiesta,Diesel,Automatic,Demonstration,5958,114.0,2015
500,Ford,Mondeo,Petrol,Manual,Used,12527,,2017
84912,Opel,Corsa,Diesel,Automatic,Used,5414,209.0,2015
138636,Peugeot,208,Petrol,Automatic,Used,4207,113.0,2015
115620,Audi,A6,Diesel,Manual,Used,9288,50.0,2014
169127,Mercedes-Benz,C-Class,Petrol,Automatic,Used,7148,186.0,2011
500,Ford,Fiesta,Diesel,Manual,Used,11094,147.0,2020
1271,Volkswagen,Golf,Petrol,Automatic,Used,18446,164.0,2021
176840,BMW,X3,Diesel,Manual,Used,4235,172.0,2011
121285,BMW,5 Series,Diesel,Automatic,Used,10086,202.0,2015
123682,Peugeot,508,Diesel,Manual,Used,4524,70.0,2016
37641,Renault,Megane,Petrol,Manual,Used,8870,50.0,2019
9202,Renault,Clio,Petrol,Manual,Used,11149,153.0,2021
58376,Opel,Astra,Diesel,Manual,Used,5190,97.0,2015
37842,Renault,Clio,Petrol,Automatic,Used,11042,120.0,2019
500,BMW,5 Series,Petrol,Manual,Demonstration,36173,65.0,2021
500,Toyota,Yaris,Petrol,Semi-automatic,Used,14472,140.0,2020
82019,Skoda,Fabia,Petrol,Manual,Used,7068,126.0,2014
97804,Hyundai,Kona,Diesel,Manual,Used,8432,106.0,2019
95530,BMW,1 Series,Petrol,Manual,Used,8186,50.0,2015
172696,Opel,Insignia,Petrol,Manual,Used,2323,159.0,2011
27028,Renault,Kadjar,Petrol,Automatic,Used,6450,140.0,2019
500,Opel,Mokka,Diesel,Manual,Used,11785,164.0,2020
152764,Opel,Insignia,Petrol,Automatic,Used,3071,50.0,2014
28973,BMW,1 Series,Diesel,Manual,New,19598,112.0,2015
85582,Ford,Focus,Petrol,Manual,Used,7998,77.0,2015
148088,Mercedes-Benz,GLC,Diesel,Manual,Used,8599,108.0,2012
23067,Audi,A4,Diesel,Automatic,Used,24935,172.0,2021
139574,Renault,Captur,Petrol,Manual,Used,2629,122.0,2011
10671,SEAT,Arona,Electric,Automatic,Demonstration,17416,127.0,2017
136962,SEAT,Leon,Diesel,Manual,Used,3049,106.0,2011
33793,Ford,Focus,Petrol,Manual,Used,10733,50.0,2018
2942,Hyundai,i30,Petrol,Automatic,Used,18101,88.0,2020
93952,BMW,5 Series,Hybrid,Automatic,Used,18893,177.0,2018
32524,Ford,Mondeo,Petrol,Automatic,Used,11150,103.0,2017
40534,BMW,1 Series,Diesel,Manual,Used,24390,165.0,2020
20540,Ford,Kuga,Diesel,Automatic,New,19004,167.0,2021
63616,Hyundai,Kona,Petrol,Manual,Used,10830,154.0,2020
130340,Ford,Fiesta,Diesel,Semi-automatic,Used,3914,122.0,2013
102690,Toyota,Corolla,Electric,Manual,Demonstration,13164,91.0,2017
23972,Opel,Mokka,Electric,Automatic,New,15914,122.0,2020
135204,Renault,Captur,Hybrid,Manual,Used,4824,137.0,2014
7397,Opel,Insignia,Diesel,Automatic,Used,10313,50.0,2018
72660,Audi,A4,Petrol,Automatic,New,12161,176.0,2011
43214,Peugeot,3008,Petrol,Automatic,Used,9560,106.0,2020
90091,Hyundai,Kona,Diesel,Manual,Used,6882,107.0,2017
61643,Audi,A4,Diesel,Manual,Used,15909,110.0,2019
11627,Peugeot,208,Diesel,Automatic,New,16667,127.0,2020
187140,Audi,A3,Diesel,Automatic,Used,5781,63.0,2013
88904,Renault,Clio,Hybrid,Automatic,Used,5573,131.0,2015
44731,Peugeot,308,Petrol,Manual,Used,10719,141.0,2020
170812,Opel,Insignia,Diesel,Manual,Used,2797,50.0,2012
90156,Renault,Kadjar,Petrol,Manual,Used,7255,55.0,2020
108904,Audi,A3,Diesel,Automatic,Used,8447,163.0,2014
52138,Volkswagen,Tiguan,Diesel,Manual,Used,11952,143.0,2017
37565,BMW,X3,Diesel,Manual,Used,14313,123.0,2016
114333,Opel,Astra,Petrol,Automatic,Demonstration,8406,96.0,2018
44749,Toyota,Corolla,Petrol,Automatic,Used,14323,161.0,2020
135857,BMW,5 Series,Petrol,Automatic,Used,8777,69.0,2014
259085,Opel,Mokka,Electric,Manual,Used,2270,100.0,2012
116377,Renault,Kadjar,Diesel,Manual,Used,4519,50.0,2015
29419,Mercedes-Benz,GLC,Petrol,Manual,Used,25582,104.0,2017
38143,Renault,Captur,Diesel,Manual,Used,8293,67.0,2019
10883,Audi,A4,Diesel,Automatic,Used,27915,162.0,2019
106145,Peugeot,308,Petrol,Manual,Used,4681,127.0,2014
909,Skoda,Kodiaq,Diesel,Manual,Used,17782,89.0,2021
144454,Skoda,Octavia,Diesel,Manual,Used,2947,154.0,2011
101235,Mercedes-Benz,E-Class,Diesel,Automatic,Demonstration,12571,78.0,2012
220738,Opel,Astra,Diesel,Automatic,Used,2253,118.0,2011
25460,Toyota,Corolla,Hybrid,Manual,New,22489,87.0,2021
142108,Volkswagen,Polo,Diesel,Manual,Used,5205,139.0,2012
101517,Peugeot,208,Petrol,Manual,Used,6254,140.0,2017
61487,Opel,Corsa,Hybrid,Automatic,Used,8405,187.0,2019
54649,Renault,Kadjar,Petrol,Manual,Used,5943,117.0,2019
38975,SEAT,Ateca,Diesel,Manual,Used,14276,50.0,2021
169688,Opel,Mokka,Electric,Automatic,Used,3294,101.0,2011
128458,Audi,Q5,Diesel,Automatic,Used,9997,194.0,2015
116359,SEAT,Arona,Diesel,Automatic,Used,5749,110.0,2016
65695,BMW,5 Series,Petrol,Manual,Used,17774,50.0,2018
67286,SEAT,Arona,Diesel,Automatic,Used,7924,146.0,2017
128564,BMW,1 Series,Petrol,Manual,Used,12247,135.0,2017
103273,SEAT,Arona,Diesel,Manual,Used,4832,75.0,2014
163696,SEAT,Leon,Petrol,Automatic,Used,3050,110.0,2012
119487,BMW,3 Series,Petrol,Manual,Used,10539,71.0,2015
113665,Peugeot,3008,Hybrid,Automatic,Used,5616,146.0,2013
46726,Ford,Mondeo,Diesel,Manual,Used,8037,114.0,2017
32615,Peugeot,508,Diesel,Manual,Used,9129,61.0,2019
57772,Volkswagen,Passat,Hybrid,Automatic,Used,12147,126.0,2017
23965,Mercedes-Benz,C-Class,Petrol,Manual,Used,19087,78.0,2017
142198,Opel,Corsa,Diesel,Automatic,Used,3893,186.0,2011
69318,Mercedes-Benz,A-Class,Diesel,Automatic,Used,17728,167.0,2018
149308,Audi,A6,Petrol,Manual,Used,8410,103.0,2015
169404,SEAT,Leon,Petrol,Automatic,Used,3469,125.0,2012
44016,BMW,5 Series,Petrol,Automatic,Demonstration,12401,168.0,2013
67446,Renault,Clio,Electric,Automatic,Demonstration,9599,120.0,2019
500,BMW,5 Series,Diesel,Manual,Used,27943,149.0,2021
105858,Mercedes-Benz,A-Class,Diesel,Automatic,Used,14444,191.0,2016
14505,SEAT,Ibiza,Petrol,Automatic,Used,14349,108.0,2021
143256,Peugeot,508,Electric,Automatic,Used,4725,195.0,2012
116422,Mercedes-Benz,C-Class,Diesel,Manual,Used,9093,169.0,2014
14215,Audi,A6,Petrol,Manual,Used,26818,126.0,2021
197054,Hyundai,i30,Diesel,Automatic,Used,3167,101.0,2012
59312,Hyundai,Kona,Diesel,Automatic,Used,9959,138.0,2018
172994,Skoda,Kodiaq,Electric,Automatic,Demonstration,6184,111.0,2013
152897,Opel,Insignia,Diesel,Automatic,Used,3794,87.0,2014
113347,Ford,Kuga,Diesel,Manual,New,9658,134.0,2016
57468,SEAT,Ateca,Petrol,Automatic,Used,6911,77.0,2014
69082,SEAT,Ateca,Diesel,Manual,Used,10405,99.0,2020
500,Audi,A3,,Manual,Used,21394,100.0,2021
115050,Volkswagen,Polo,Petrol,Manual,Used,7797,50.0,2016
55961,BMW,3 Series,Diesel,Automatic,Used,14647,155.0,2016
123522,Hyundai,i30,Petrol,Manual,Demonstration,4113,95.0,2011
204174,Opel,Insignia,Diesel,Manual,Used,2271,165.0,2013
131506,Opel,Astra,Diesel,Manual,Used,3640,94.0,2011
70114,Opel,Astra,Petrol,Manual,Demonstration,6370,96.0,2020
139145,Peugeot,508,Diesel,Automatic,Used,4479,81.0,2013
105296,Volkswagen,Polo,Electric,Manual,Used,8551,110.0,2014
28431,Volkswagen,Golf,Electric,Manual,Used,14459,116.0,2020
14462,Audi,A6,Petrol,Manual,Used,25413,145.0,2018
74519,Opel,Insignia,Diesel,Automatic,Used,7092,129.0,2017
127104,Renault,Kadjar,Diesel,Automatic,Used,2552,,2011
61159,Opel,Mokka,Electric,Automatic,Used,8691,147.0,2017
107385,Opel,Mokka,Petrol,Manual,Used,5590,67.0,2017
128897,Hyundai,Tucson,Petrol,Manual,Used,5394,60.0,2014
500,BMW,5 Series,Petrol,Manual,Used,21878,137.0,2019
44802,Skoda,Kodiaq,Diesel,Semi-automatic,Used,8729,69.0,2021
134752,Skoda,Fabia,Diesel,Manual,Used,5487,134.0,2013
101024,Opel,Corsa,Petrol,Manual,Used,4697,148.0,2014
146134,Peugeot,508,Petrol,Automatic,Used,3122,164.0,2014
24148,Audi,Q5,Diesel,Automatic,Used,24667,90.0,2020
124202,Hyundai,i30,Petrol,Manual,Used,3965,146.0,2011
94673,Audi,A6,Petrol,Automatic,Used,17641,144.0,2020
44395,Skoda,Kodiaq,Diesel,Manual,Used,9860,86.0,2019
87152,Skoda,Kodiaq,Diesel,Manual,Used,6661,103.0,2016
60821,Toyota,Yaris,Petrol,Manual,Used,9370,132.0,2017
71299,Opel,Insignia,Petrol,Semi-automatic,Used,8318,84.0,2020
26629,Audi,A3,Hybrid,Manual,Used,25583,,2019
65926,Volkswagen,Tiguan,Diesel,Automatic,Used,6223,188.0,2014
141246,Ford,Focus,Electric,Manual,Used,4790,148.0,2011
106437,Peugeot,508,Petrol,Automatic,Used,7312,131.0,2018
179125,Volkswagen,Golf,Petrol,Automatic,Used,4332,132.0,2012
156074,Toyota,Corolla,Diesel,Automatic,Used,3869,96.0,2011
63064,Skoda,Octavia,Diesel,Automatic,Used,15121,107.0,2021
116178,BMW,1 Series,Petrol,Automatic,Used,12779,56.0,2016
50669,Audi,A4,Diesel,Automatic,Used,17711,138.0,2018
129193,Skoda,Superb,Diesel,Manual,Used,4745,138.0,2013
161526,Audi,A3,Electric,Semi-automatic,New,12176,103.0,2012
135884,BMW,5 Series,Diesel,Manual,Used,7268,66.0,2011
120158,SEAT,Arona,Hybrid,Manual,Used,4867,111.0,2014
175798,Renault,Kadjar,Petrol,Manual,New,3129,165.0,2011
45956,BMW,3 Series,Petrol,Manual,Used,14115,149.0,2015
113374,Audi,A4,Diesel,Automatic,Used,8686,122.0,2014
79393,Mercedes-Benz,E-Class,Petrol,Manual,Used,11052,202.0,2016
110982,SEAT,Ateca,Petrol,Manual,Demonstration,7088,232.0,2017
55443,Renault,Captur,Electric,Automatic,Used,7691,101.0,2014
76647,Renault,Clio,Diesel,Automatic,Used,7436,114.0,2016
148139,Hyundai,Kona,Diesel,Manual,Used,3094,136.0,2011
153602,Peugeot,208,Hybrid,Semi-automatic,Used,4013,67.0,2014
13476,Audi,A4,Diesel,Manual,Used,27108,153.0,2021
77863,BMW,1 Series,Petrol,Manual,Used,18000,120.0,2021
113177,SEAT,Ateca,Diesel,Automatic,Used,5813,142.0,2016
642,Toyota,Corolla,Diesel,Automatic,Used,19024,104.0,2021
98388,Hyundai,Kona,Petrol,Automatic,Used,5588,90.0,2016
137608,Mercedes-Benz,E-Class,Petrol,Manual,Used,6560,50.0,2012
60079,Mercedes-Benz,A-Class,Petrol,Manual,Used,21115,181.0,2020
58373,Volkswagen,Golf,Petrol,Manual,Used,8998,151.0,2015
46171,BMW,3 Series,Petrol,Semi-automatic,Used,13166,141.0,2017
75949,Skoda,Fabia,Hybrid,Manual,Used,10018,128.0,2018
162901,Skoda,Superb,Diesel,Manual,Used,3594,50.0,2014
500,Ford,Mondeo,Diesel,Manual,Used,11252,79.0,2019
138106,Audi,A4,Diesel,Automatic,Used,11675,113.0,2016
100095,Peugeot,508,Petrol,Manual,Used,4880,60.0,2015
54064,Opel,Insignia,Diesel,Automatic,Used,6386,50.0,2014
500,Peugeot,208,Petrol,Automatic,Used,11205,84.0,2019
81471,Hyundai,Tucson,Petrol,Manual,Used,5793,109.0,2013
149310,Audi,A6,Petrol,Manual,Used,7460,108.0,2012
27694,Mercedes-Benz,E-Class,Petrol,Manual,Used,24289,155.0,2020
142162,Hyundai,i30,Petrol,Automatic,Used,4219,216.0,2014
40768,SEAT,Leon,Petrol,Automatic,Used,10192,158.0,2018
21219,Audi,A6,Diesel,Manual,Used,18051,104.0,2018
15542,SEAT,Ateca,Petrol,Automatic,Used,13117,210.0,2020
76176,Skoda,Fabia,Diesel,Manual,Used,8024,50.0,2017
68077,Toyota,Corolla,Petrol,Automatic,Used,8495,50.0,2018
2379,Audi,A4,Diesel,Semi-automatic,Used,21652,74.0,2020
46551,Hyundai,i30,Diesel,Automatic,Used,11496,167.0,2021
143251,Hyundai,i30,Diesel,Manual,Used,3291,113.0,2011
14560,Mercedes-Benz,E-Class,Petrol,Manual,Used,20038,62.0,2019
131016,BMW,X3,Electric,Semi-automatic,Used,8245,73.0,2012
67619,Skoda,Octavia,Diesel,Manual,Used,10769,58.0,2020
160352,Volkswagen,Passat,Diesel,Automatic,Used,3799,64.0,2011
110692,Audi,A3,Diesel,Automatic,Used,9796,192.0,2013
167414,Opel,Corsa,Hybrid,Automatic,Used,3103,116.0,2013
149996,Hyundai,Kona,Petrol,Automatic,New,7557,206.0,2017
172339,Hyundai,Kona,Diesel,Manual,Used,3615,65.0,2011
208184,BMW,X3,Petrol,Automatic,Used,4782,142.0,2011
126263,Toyota,RAV4,Petrol,Manual,Used,5052,120.0,2016
500,BMW,3 Series,Petrol,Automatic,Used,30795,170.0,2021
90932,Renault,Megane,Petrol,Manual,Used,5123,121.0,2016
60111,Toyota,RAV4,Petrol,Automatic,Used,9231,168.0,2015
52827,Toyota,C-HR,Petrol,Automatic,Used,11672,152.0,2018
53083,Mercedes-Benz,A-Class,Diesel,,Used,18121,77.0,2017
90899,Toyota,C-HR,Diesel,Manual,Used,7221,142.0,2015
48754,BMW,5 Series,Diesel,Manual,Used,15106,106.0,2017
154952,Skoda,Octavia,Diesel,Automatic,Used,4216,85.0,2011
153628,Opel,Astra,Diesel,Automatic,Used,2552,153.0,2013
55818,Audi,A6,Petrol,Manual,Used,14537,153.0,2018
54747,Volkswagen,Passat,Petrol,Automatic,Used,7445,101.0,2014
138886,Peugeot,308,Diesel,Automatic,New,3512,104.0,2011
96821,Ford,Mondeo,Diesel,Automatic,Used,4455,59.0,2012
38542,SEAT,Ateca,Petrol,Automatic,Used,10630,50.0,2020
137616,Ford,Fiesta,Petrol,Semi-automatic,Used,5123,97.0,2014
173979,Ford,Focus,Diesel,Automatic,Used,3341,156.0,2011
17441,Toyota,RAV4,Petrol,Manual,Used,13063,87.0,2019
98640,BMW,X3,Diesel,Semi-automatic,New,15660,174.0,2016
88546,Renault,Clio,Diesel,Automatic,Used,4790,115.0,2015
500,Renault,Megane,Petrol,Automatic,Used,13443,120.0,2020
145968,Ford,Fiesta,Petrol,Automatic,Used,5428,110.0,2014
103631,Audi,A6,Diesel,Automatic,New,16097,170.0,2017
78211,Volkswagen,Golf,Petrol,Manual,New,17045,70.0,2019
53708,Hyundai,Kona,Electric,Manual,Used,9607,105.0,2017
176278,Hyundai,i30,Diesel,Manual,Used,3119,82.0,2013
42725,Mercedes-Benz,E-Class,Petrol,Automatic,Used,20797,102.0,2018
67873,Volkswagen,Golf,Diesel,Automatic,Used,13043,130.0,2019
132118,BMW,1 Series,Petrol,Manual,Used,7086,101.0,2012
142161,Volkswagen,Golf,Diesel,Manual,Used,4544,153.0,2012
500,Peugeot,508,Diesel,Automatic,Used,12216,127.0,2018
139433,Toyota,Corolla,Diesel,Manual,Used,4247,131.0,2012
33188,BMW,1 Series,Petrol,Manual,Used,21449,122.0,2020
135648,Renault,Clio,Diesel,Manual,Used,4116,169.0,2012
76467,Mercedes-Benz,C-Class,Electric,Automatic,Used,23952,116.0,2021
19314,Ford,Mondeo,Diesel,Automatic,Used,10697,,2018
85275,SEAT,Arona,Petrol,Automatic,Used,7463,158.0,2015
103329,Renault,Captur,Petrol,Manual,Used,4294,93.0,2013
100268,Toyota,Yaris,Diesel,Manual,Used,7088,130.0,2014
81099,Volkswagen,Tiguan,Petrol,Automatic,Used,10438,233.0,2019
96731,Mercedes-Benz,E-Class,Petrol,Semi-automatic,Used,16362,69.0,2019
110472,Audi,Q5,Petrol,Manual,Used,8831,,2013
64695,Audi,Q5,Diesel,Automatic,Used,18298,103.0,2016
500,Hyundai,Kona,Petrol,Automatic,Demonstration,19789,190.0,2021
180720,Peugeot,3008,Petrol,Automatic,Used,3356,153.0,2013
99235,Audi,A6,Diesel,Manual,Used,14775,139.0,2018
146291,Hyundai,Tucson,Petrol,Manual,Used,3636,99.0,2012
500,Opel,Astra,Diesel,Manual,New,15899,103.0,2020
104267,Skoda,Fabia,Petrol,Automatic,Used,4484,89.0,2012
125972,Opel,Insignia,Petrol,Automatic,Used,4841,123.0,2014
109227,BMW,1 Series,Hybrid,Manual,Used,10412,102.0,2016
32685,Hyundai,Tucson,Diesel,Manual,Used,7774,118.0,2015
138754,Volkswagen,Passat,Diesel,Manual,Used,4022,50.0,2012
116640,Mercedes-Benz,C-Class,Diesel,Automatic,Used,14811,128.0,2018
157387,Mercedes-Benz,E-Class,Petrol,Automatic,Used,7939,177.0,2011
67137,Audi,A6,Petrol,Manual,Used,16954,157.0,2021
187717,BMW,1 Series,Diesel,Automatic,Used,5486,121.0,2011
82050,Volkswagen,Polo,Diesel,Automatic,Used,6706,238.0,2014
4757,Renault,Clio,Electric,Automatic,Used,15886,104.0,2021
145496,Hyundai,i30,Petrol,Automatic,Used,3219,117.0,2012
131662,BMW,3 Series,Petrol,Manual,Used,6457,50.0,2011
11055,Audi,A6,Diesel,Automatic,Used,22125,110.0,2019
217737,Skoda,Superb,Diesel,Automatic,Used,3370,200.0,2011
500,Hyundai,Kona,Diesel,Automatic,Used,16084,113.0,2020
142745,Renault,Kadjar,Diesel,Automatic,Used,4191,55.0,2015
14723,Peugeot,208,Petrol,Manual,Used,12728,153.0,2020
134103,Skoda,Octavia,Diesel,Automatic,Used,5811,140.0,2013
169665,Opel,Corsa,Diesel,Automatic,Used,2666,158.0,2012
500,Mercedes-Benz,C-Class,Diesel,Manual,Demonstration,37505,102.0,2021
64877,Toyota,C-HR,Diesel,Semi-automatic,Used,10800,68.0,2019
500,Peugeot,208,Diesel,Manual,Used,11344,107.0,2021
135390,Volkswagen,Golf,Diesel,Automatic,Used,6325,148.0,2014
18601,Renault,Kadjar,Diesel,Manual,Used,6817,106.0,2015
67060,BMW,1 Series,Petrol,Manual,Used,12148,128.0,2017
134899,Renault,Clio,Hybrid,Automatic,Demonstration,4867,100.0,2015
156780,Peugeot,308,Petrol,Automatic,Used,4412,141.0,2013
59556,BMW,X3,Diesel,Automatic,Used,13897,124.0,2015
34062,Opel,Insignia,Hybrid,Automatic,Used,10171,94.0,2017
140896,BMW,1 Series,Hybrid,Manual,Used,6783,111.0,2011
126518,Skoda,Fabia,Petrol,Automatic,Used,4941,106.0,2014
48882,Hyundai,i20,Diesel,Automatic,Used,5641,151.0,2014
164537,Volkswagen,Polo,Petrol,Manual,Used,4400,144.0,2011
160900,Ford,Kuga,Hybrid,Automatic,Used,4524,144.0,2012
80094,Hyundai,Tucson,Petrol,Manual,New,8282,50.0,2016
168386,Audi,A6,Petrol,Manual,Used,5507,63.0,2012
127830,BMW,1 Series,Petrol,Automatic,Used,10325,94.0,2014
56042,Opel,Mokka,Hybrid,Automatic,Used,7689,90.0,2017
500,Skoda,Fabia,Diesel,Manual,Used,14065,90.0,2020
154669,SEAT,Leon,Diesel,Automatic,Used,3591,163.0,2012
71642,Audi,A6,Petrol,Manual,Demonstration,13238,140.0,2015
129758,Hyundai,i30,Diesel,Semi-automatic,Used,4090,87.0,2012
121769,Skoda,Fabia,Diesel,Manual,Used,4856,136.0,2015
139607,Audi,A3,Diesel,Manual,Used,10183,125.0,2016
43668,Hyundai,i30,Diesel,Manual,Used,11303,112.0,2019
124392,Hyundai,Tucson,Diesel,Manual,Used,5283,161.0,2015
500,Opel,Mokka,Petrol,Manual,Used,13153,85.0,2021
158593,Volkswagen,Tiguan,Diesel,Automatic,Used,5334,123.0,2012
162903,SEAT,Leon,Petrol,Automatic,Used,3570,73.0,2011
208023,Skoda,Octavia,Diesel,Automatic,Used,2759,75.0,2011
101084,BMW,3 Series,Hybrid,Manual,Used,10355,50.0,2014
126543,SEAT,Leon,Petrol,Automatic,Used,4643,78.0,2013
187059,Toyota,RAV4,Hybrid,Manual,Used,3919,110.0,2012
131779,BMW,1 Series,Diesel,Automatic,Used,7800,108.0,2013
500,Renault,Kadjar,Diesel,Automatic,Used,12311,118.0,2021
134307,BMW,3 Series,Petrol,Manual,Used,16747,100.0,2019
127249,Renault,Captur,Petrol,Manual,Used,3183,185.0,2011
12735,Opel,Corsa,Diesel,Automatic,Used,13211,79.0,2021
147134,Volkswagen,Golf,Petrol,Manual,Used,4206,51.0,2013
114367,Hyundai,Tucson,Petrol,Automatic,Used,6734,86.0,2015
113359,BMW,3 Series,Diesel,Semi-automatic,Demonstration,9821,105.0,2014
98533,SEAT,Leon,Petrol,Manual,Used,5862,132.0,2015
36777,Mercedes-Benz,A-Class,Diesel,Manual,Used,16620,141.0,2019
20942,Hyundai,i30,Diesel,Manual,Used,11969,155.0,2018
150258,Renault,Captur,Electric,Automatic,Demonstration,8392,121.0,2017
67300,Peugeot,308,Petrol,Manual,Used,5879,93.0,2017
65893,Opel,Mokka,Petrol,Manual,Demonstration,10302,187.0,2019
123287,Opel,Astra,Petrol,Manual,Used,2901,50.0,2013
92583,SEAT,Ibiza,Hybrid,Semi-automatic,Used,7093,112.0,2015
134059,Peugeot,3008,Petrol,Automatic,Used,3592,140.0,2012
5755,Toyota,Corolla,Diesel,Automatic,Used,17343,211.0,2018
99378,Volkswagen,Passat,Diesel,Semi-automatic,Used,6990,50.0,2015
45755,SEAT,Ibiza,Petrol,Automatic,Used,10850,108.0,2018
116003,BMW,X3,Petrol,Semi-automatic,Used,12932,50.0,2017
78115,Audi,Q5,Petrol,Manual,Used,10043,50.0,2014
129800,Peugeot,208,Diesel,Manual,New,4661,97.0,2012
500,Audi,A4,Diesel,Automatic,Used,26057,167.0,2021
170489,Peugeot,508,Electric,Manual,Used,4479,162.0,2014
119571,Opel,Insignia,Petrol,Manual,Used,4064,82.0,2012
139680,Mercedes-Benz,C-Class,Diesel,Automatic,Used,10577,153.0,2014
63956,Ford,Focus,Petrol,Automatic,Used,9786,120.0,2020
129886,Skoda,Kodiaq,Petrol,Manual,Used,5690,132.0,2013
500,Peugeot,508,Petrol,Manual,Used,14034,167.0,2021
42255,SEAT,Leon,Diesel,Manual,Used,8623,101.0,2016
60092,Hyundai,i30,Petrol,Manual,Used,11308,162.0,2020
15879,Toyota,C-HR,Diesel,Manual,Used,12732,57.0,2018
178721,Peugeot,208,Diesel,Automatic,Used,2172,150.0,2011
94002,SEAT,Ibiza,Petrol,Automatic,Used,7980,172.0,2016
118200,Audi,Q5,Diesel,Manual,Used,7524,151.0,2015
151505,Ford,Focus,Diesel,Manual,Used,4321,54.0,2013
42322,BMW,1 Series,Diesel,Automatic,Used,17245,117.0,2017
115857,Ford,Fiesta,Diesel,Manual,Used,4739,,2012
85022,Hyundai,Kona,Petrol,Manual,Used,8103,132.0,2018
7973,Opel,Astra,Diesel,Manual,Used,11989,119.0,2020
53745,BMW,1 Series,Petrol,Automatic,Used,11162,185.0,2012
112706,SEAT,Ibiza,Electric,Manual,Used,7462,52.0,2016
23731,Hyundai,i20,Diesel,Manual,Used,10528,101.0,2018
181350,Toyota,RAV4,Petrol,Automatic,Used,4336,50.0,2011
153749,Audi,A6,Diesel,Automatic,Used,10115,152.0,2015
135587,Opel,Mokka,Diesel,Automatic,Used,3143,147.0,2013
199852,Skoda,Octavia,Diesel,Automatic,Used,3256,271.0,2011
50383,Mercedes-Benz,C-Class,Diesel,Automatic,Used,23401,174.0,2019
160560,Audi,A6,Diesel,Manual,Used,9765,124.0,2015
7826,Mercedes-Benz,GLC,Diesel,Manual,Used,21691,124.0,2019
74712,Hyundai,i30,Petrol,Manual,Demonstration,10566,97.0,2017
53561,Renault,Kadjar,Petrol,Manual,Used,9378,120.0,2020
8336,Toyota,C-HR,Hybrid,Manual,Used,19986,127.0,2021
115328,Peugeot,508,Petrol,Manual,Used,4618,50.0,2017
104879,Hyundai,Tucson,Petrol,Automatic,Used,6263,132.0,2014
177428,BMW,X3,Diesel,Automatic,Demonstration,8755,129.0,2015
104277,Toyota,RAV4,Petrol,Manual,Used,9972,193.0,2020
114873,Volkswagen,Passat,Diesel,Manual,Used,6364,103.0,2015
109341,Opel,Insignia,Hybrid,Manual,Used,6292,76.0,2016
176709,SEAT,Ateca,Hybrid,Manual,Used,4157,119.0,2013
500,Ford,Fiesta,Diesel,Manual,Used,13353,118.0,2021
14080,BMW,X3,Petrol,Manual,Used,18290,106.0,2018
163975,Mercedes-Benz,GLC,Petrol,Manual,Used,8971,50.0,2014
84590,Peugeot,508,Petrol,Semi-automatic,Used,6248,104.0,2017
97072,Audi,A6,Diesel,Automatic,Used,12271,98.0,2015
150389,Audi,A3,Petrol,Automatic,Used,7898,111.0,2012
500,Hyundai,Tucson,Petrol,Manual,Used,7989,147.0,2020
23330,BMW,5 Series,Diesel,Manual,Used,25250,84.0,2020
3643,Toyota,Yaris,Petrol,Manual,Used,14050,104.0,2020
137133,Hyundai,i20,Diesel,Semi-automatic,Used,4748,133.0,2015
169826,SEAT,Ateca,Hybrid,Manual,Used,4718,95.0,2013
185184,BMW,1 Series,Diesel,Manual,Used,6717,222.0,2011
58841,BMW,X3,Diesel,Semi-automatic,Used,18934,124.0,2019
67593,Audi,A4,Diesel,Manual,Used,11841,52.0,2014
50673,Skoda,Octavia,Petrol,Manual,Used,12878,76.0,2020
52029,BMW,X3,Petrol,Automatic,Used,24212,87.0,2020
193582,Opel,Astra,Diesel,Manual,Used,2851,69.0,2012
89137,BMW,1 Series,Diesel,Semi-automatic,Used,19120,139.0,2021
90760,Skoda,Kodiaq,Petrol,Manual,Used,4437,56.0,2012
76403,Volkswagen,Tiguan,Diesel,Automatic,Used,8732,110.0,2016
64021,Renault,Megane,Diesel,Manual,Used,6540,161.0,2016
21038,Volkswagen,Golf,Hybrid,Automatic,Used,19271,107.0,2021
60469,Mercedes-Benz,E-Class,Diesel,Automatic,Used,16696,157.0,2018
21807,Mercedes-Benz,GLC,Petrol,Automatic,Used,25836,53.0,2020
110966,Peugeot,208,Diesel,Automatic,Used,4976,109.0,2017
500,Volkswagen,Tiguan,Petrol,Automatic,Used,17277,89.0,2020
500,Opel,Astra,Petrol,Manual,Demonstration,12603,127.0,2020
500,SEAT,Ibiza,Diesel,Manual,Used,12964,67.0,2020
92389,Skoda,Octavia,Petrol,Manual,Used,7628,202.0,2015
61999,Renault,Kadjar,Electric,Manual,Used,7657,50.0,2015
13300,Peugeot,3008,Petrol,Manual,Used,16092,166.0,2021
39208,Ford,Fiesta,Diesel,Automatic,Used,11051,168.0,2019
500,Peugeot,3008,Petrol,Automatic,Used,14456,144.0,2021
105582,Audi,A6,Electric,Semi-automatic,Used,16471,113.0,2017
12917,Hyundai,Tucson,Diesel,Manual,Used,14799,198.0,2021
97193,Skoda,Superb,Diesel,Automatic,Used,8062,238.0,2018
38173,Renault,Clio,Diesel,Automatic,Used,8175,119.0,2019
149153,Toyota,Corolla,Petrol,Semi-automatic,Used,4356,113.0,2012
55303,Peugeot,3008,Diesel,Automatic,Used,6231,101.0,2017
44753,Toyota,Yaris,Diesel,Manual,Used,11257,60.0,2019
69928,Skoda,Fabia,Petrol,Manual,Used,9396,134.0,2019
603,Volkswagen,Golf,Diesel,Semi-automatic,Used,17387,126.0,2021
138144,Opel,Mokka,Diesel,,Used,4261,51.0,2014
91554,Mercedes-Benz,C-Class,Petrol,Automatic,Used,10252,144.0,2014
41567,Toyota,Yaris,Diesel,Automatic,Used,17511,143.0,2021
500,Mercedes-Benz,A-Class,Hybrid,Automatic,Used,31613,103.0,2021
179809,Mercedes-Benz,C-Class,Diesel,Automatic,Used,6267,91.0,2012
107134,Mercedes-Benz,E-Class,Petrol,Automatic,Used,12678,143.0,2015
68233,SEAT,Leon,Petrol,Automatic,Used,11841,202.0,2021
94608,Skoda,Octavia,Diesel,Manual,Used,4897,125.0,2013
500,Hyundai,Kona,Diesel,Manual,New,16063,148.0,2019
128432,Ford,Kuga,Petrol,Manual,Used,3099,69.0,2012
101539,Audi,A3,Diesel,Manual,Used,8559,87.0,2012
500,Volkswagen,Passat,Diesel,Automatic,New,13954,155.0,2019
96754,Volkswagen,Passat,Hybrid,Automatic,Used,10805,65.0,2017
74854,Ford,Kuga,Petrol,Manual,Used,8393,120.0,2017
13211,Hyundai,Tucson,Electric,Manual,Used,19455,136.0,2020
106456,Skoda,Kodiaq,Diesel,Manual,Used,7075,106.0,2014
69097,Toyota,Corolla,,Automatic,Used,10252,139.0,2016
132763,BMW,5 Series,Petrol,Automatic,Used,10903,129.0,2017
19257,BMW,X3,Diesel,Manual,Used,25841,85.0,2019
73725,Toyota,C-HR,Diesel,Manual,Used,5800,55.0,2014
102862,BMW,X3,Diesel,Automatic,Used,10255,122.0,2017
97449,Volkswagen,Golf,Diesel,Automatic,Used,9751,183.0,2015
161357,Ford,Fiesta,Petrol,Automatic,Demonstration,6605,171.0,2016
11583,Hyundai,Tucson,Diesel,Automatic,Used,10372,113.0,2020
134609,Renault,Clio,Hybrid,Manual,Used,3940,93.0,2015
97877,BMW,1 Series,Diesel,Manual,Used,14540,92.0,2018
500,Toyota,C-HR,Diesel,Manual,Used,15361,95.0,2021
18998,Toyota,C-HR,Diesel,Manual,Used,12505,126.0,2019
40948,Peugeot,208,Petrol,Manual,Used,13963,163.0,2021
95121,Toyota,RAV4,Electric,Manual,Used,14388,213.0,2017
70629,Mercedes-Benz,A-Class,Petrol,Manual,Used,11703,71.0,2014
500,Hyundai,Tucson,Diesel,Automatic,Used,15481,159.0,2021
500,Audi,Q5,Diesel,Manual,Used,23838,136.0,2018
155839,Peugeot,308,Petrol,Automatic,Used,3370,107.0,2013
110836,Skoda,Superb,Diesel,Manual,Used,3904,62.0,2014
129325,Peugeot,3008,Petrol,Manual,Used,2567,119.0,2013
500,SEAT,Arona,Diesel,Manual,Used,14011,209.0,2020
111566,SEAT,Arona,Diesel,Manual,Used,4681,118.0,2012
28271,SEAT,Leon,Diesel,Manual,Used,10568,78.0,2019
51469,Peugeot,508,Diesel,Automatic,Used,8678,119.0,2017
169124,Renault,Clio,Electric,Automatic,Used,3829,69.0,2011
95421,BMW,5 Series,Petrol,Manual,Demonstration,16772,112.0,2017
124436,Peugeot,3008,Electric,Manual,Used,8692,144.0,2019
59299,Skoda,Octavia,Petrol,Manual,Used,9726,81.0,2018
129039,Audi,A4,Diesel,Automatic,Used,10528,50.0,2016
90951,Skoda,Superb,Petrol,Manual,Used,5854,120.0,2014
91377,Hyundai,Tucson,Diesel,Manual,Used,3642,83.0,2012
152669,Toyota,Yaris,Petrol,Automatic,Used,4671,86.0,2011
64080,Toyota,Corolla,Diesel,Automatic,Used,7308,89.0,2014
75514,Opel,Astra,Hybrid,Automatic,Used,7131,144.0,2017
137684,Peugeot,3008,Petrol,Manual,New,3859,87.0,2011
500,Ford,Fiesta,Petrol,Manual,Demonstration,14440,157.0,2021
135761,Renault,Captur,Petrol,Manual,Used,5123,154.0,2017
101185,SEAT,Ateca,Petrol,Automatic,Used,5868,111.0,2014
500,Mercedes-Benz,GLC,Petrol,Automatic,Demonstration,31157,107.0,2021
166436,Audi,A3,Petrol,Manual,Used,7792,113.0,2013
500,Volkswagen,Tiguan,Diesel,Automatic,Used,18238,123.0,2021
158156,BMW,3 Series,Petrol,Manual,Used,5973,50.0,2014
79331,Opel,Astra,Diesel,Automatic,Used,6804,210.0,2015
86069,Opel,Astra,Petrol,Manual,Used,5232,141.0,2015
27069,BMW,3 Series,Petrol,Manual,Used,26125,94.0,2021
155763,Opel,Mokka,Diesel,Manual,New,4508,50.0,2013
41897,SEAT,Ibiza,Petrol,Automatic,Used,11459,122.0,2021
116859,Mercedes-Benz,A-Class,Petrol,Manual,Used,8964,82.0,2014
138502,Ford,Fiesta,Petrol,Manual,Used,5166,105.0,2014
86097,Ford,Focus,Petrol,Automatic,Demonstration,11175,50.0,2018
67020,Skoda,Fabia,Petrol,Automatic,Used,9916,106.0,2018
115007,Ford,Focus,Petrol,Automatic,Used,4965,104.0,2014
99415,Renault,Megane,Diesel,Automatic,Used,4869,112.0,2012
125971,Audi,A6,Diesel,Automatic,Used,9529,113.0,2015
91476,Opel,Insignia,Petrol,Automatic,Used,5934,127.0,2016
150523,Ford,Fiesta,Diesel,Manual,New,4551,173.0,2011
209722,Mercedes-Benz,GLC,Diesel,Manual,Used,5195,82.0,2011
500,Renault,Captur,Diesel,Manual,Demonstration,11979,74.0,2021
222541,Mercedes-Benz,E-Class,Diesel,Manual,Used,4449,50.0,2011
104220,Audi,A4,Hybrid,Manual,Used,10809,86.0,2015
56113,Peugeot,208,Diesel,Manual,Used,8902,50.0,2019
106173,Hyundai,Kona,Diesel,Manual,Used,5355,151.0,2014
31652,Renault,Kadjar,Electric,Automatic,New,14515,121.0,2016
160114,Toyota,Corolla,Hybrid,Automatic,Used,4229,162.0,2011
56716,Toyota,RAV4,Diesel,Automatic,Used,12684,194.0,2019
98668,Opel,Insignia,Electric,Automatic,Used,8064,87.0,2017
23069,Peugeot,3008,Diesel,Manual,Used,11776,98.0,2020
500,Audi,A3,Petrol,Manual,Used,21637,174.0,2020
66042,Opel,Mokka,Diesel,Manual,Demonstration,5832,117.0,2014
236821,Skoda,Kodiaq,Diesel,Automatic,Used,2479,143.0,2011
81761,Hyundai,Kona,Diesel,Manual,Used,6463,,2014
199947,Toyota,C-HR,Petrol,Automatic,Used,4724,161.0,2012
57307,Opel,Mokka,Diesel,Manual,Used,4266,128.0,2016
143614,SEAT,Ateca,Petrol,Manual,Used,3537,169.0,2012
36882,Mercedes-Benz,C-Class,Petrol,Automatic,Used,27331,127.0,2021
46293,Peugeot,308,Diesel,Manual,Used,7703,134.0,2017
190728,Skoda,Octavia,Electric,Automatic,Used,5504,114.0,2013
17650,Skoda,Octavia,Diesel,Automatic,Used,16543,176.0,2021
61130,Peugeot,508,Diesel,Automatic,Used,8294,96.0,2019
95634,SEAT,Arona,Diesel,Automatic,Used,5166,50.0,2015
173055,Volkswagen,Passat,Diesel,Manual,Used,3529,135.0,2012
175258,Audi,A6,Diesel,Manual,Used,6381,62.0,2014
70405,Mercedes-Benz,C-Class,Petrol,Automatic,Used,14733,76.0,2017
105540,Renault,Clio,Petrol,Manual,Used,7360,170.0,2019
113594,Volkswagen,Tiguan,Petrol,Manual,Used,5693,150.0,2013
71743,Mercedes-Benz,E-Class,,Manual,Used,16464,98.0,2019
137119,SEAT,Ateca,Petrol,Automatic,Demonstration,4477,50.0,2014
97600,Renault,Megane,Diesel,Manual,Used,3892,131.0,2013
112483,Skoda,Octavia,Petrol,Semi-automatic,Used,5682,139.0,2015
150258,Toyota,C-HR,Electric,Manual,Used,5106,129.0,2012
75138,Hyundai,Kona,Diesel,Manual,Used,6930,130.0,2015
132530,BMW,X3,Petrol,Manual,Used,9838,100.0,2014
125120,Hyundai,i30,Hybrid,Manual,Used,4470,90.0,2014
42459,SEAT,Ateca,Petrol,Manual,Used,11153,63.0,2019
117600,SEAT,Arona,Hybrid,Automatic,Used,6175,92.0,2014
56850,BMW,X3,Diesel,Manual,Used,16939,126.0,2018
47131,SEAT,Leon,Petrol,Manual,Used,10979,127.0,2018
64894,Renault,Megane,Diesel,Manual,Used,7385,148.0,2018
112463,Skoda,Superb,Diesel,Manual,Used,5052,50.0,2013
122988,BMW,5 Series,Hybrid,Automatic,Used,17055,54.0,2020
85673,Skoda,Superb,Diesel,Manual,Used,5584,90.0,2013
99534,Hyundai,i20,Hybrid,Automatic,Used,6414,77.0,2014
12299,Renault,Clio,Petrol,Manual,Used,10984,122.0,2020
191417,BMW,1 Series,Electric,Manual,Used,8613,50.0,2014
13795,Hyundai,i30,,Automatic,Used,12079,180.0,2018
179907,Hyundai,i30,Petrol,Manual,Used,2604,68.0,2011
83694,Mercedes-Benz,A-Class,Hybrid,Automatic,Used,16777,198.0,2017
41676,Peugeot,308,,Manual,Used,9721,138.0,2020
103272,Ford,Mondeo,Petrol,Manual,Used,8145,65.0,2018
117554,SEAT,Ibiza,Petrol,Automatic,Used,6784,220.0,2017
14217,Opel,Mokka,Diesel,Manual,Used,11250,126.0,2020
126791,Peugeot,208,Diesel,Semi-automatic,Used,4347,115.0,2014
39756,Hyundai,i30,Diesel,Automatic,Used,7412,121.0,2015
168468,Peugeot,3008,Petrol,Manual,Used,3200,126.0,2011
32210,Hyundai,Kona,Diesel,Manual,Used,10815,136.0,2018
53477,Hyundai,i20,,Automatic,Used,9316,88.0,2018
500,BMW,X3,Petrol,Manual,Demonstration,24905,103.0,2019
59171,Audi,A3,Petrol,Automatic,Used,19616,133.0,2019
90620,Renault,Clio,Electric,Manual,Demonstration,4707,132.0,2012
65190,SEAT,Arona,Hybrid,Manual,Used,8759,139.0,2018
2072,Volkswagen,Passat,Electric,Manual,Used,20341,120.0,2019
105263,BMW,5 Series,Petrol,Automatic,Used,7451,97.0,2013
130416,Skoda,Superb,Diesel,Automatic,Used,5770,98.0,2016
35577,SEAT,Leon,Hybrid,Automatic,Used,13699,76.0,2021
145222,Mercedes-Benz,E-Class,Diesel,Manual,Used,12968,136.0,2015
99590,Mercedes-Benz,E-Class,Diesel,Manual,Demonstration,19070,85.0,2019
62951,BMW,5 Series,Diesel,Manual,Used,15159,101.0,2016
112464,Skoda,Kodiaq,Petrol,Manual,Used,7025,123.0,2018
23707,Volkswagen,Polo,Petrol,Manual,Used,12033,111.0,2017
86114,Skoda,Fabia,Diesel,Automatic,Used,7277,127.0,2018
27733,Opel,Insignia,Petrol,Manual,Used,8364,72.0,2019
500,Opel,Mokka,Diesel,Manual,Used,11716,126.0,2020
141506,Renault,Megane,Diesel,Automatic,Used,3337,109.0,2014
48073,Skoda,Kodiaq,Diesel,Manual,Used,13625,111.0,2021
107034,Renault,Megane,Diesel,Semi-automatic,Used,6206,163.0,2017
82520,Peugeot,3008,Petrol,Manual,Used,6147,134.0,2017
124619,Hyundai,Kona,Diesel,Manual,Used,4165,82.0,2014
123440,Peugeot,308,Diesel,Automatic,Used,4513,117.0,2015
70632,Skoda,Octavia,Diesel,Automatic,Used,9914,199.0,2018
123947,Opel,Insignia,Petrol,Automatic,Used,4353,110.0,2015
127140,Mercedes-Benz,C-Class,Hybrid,Manual,Used,11112,110.0,2014
59497,SEAT,Leon,Petrol,Manual,Used,9894,144.0,2020
48048,BMW,1 Series,Petrol,Automatic,Used,16940,134.0,2015
55405,Hyundai,i30,Electric,Manual,Demonstration,14963,95.0,2018
116565,Toyota,RAV4,Diesel,Automatic,Used,4898,87.0,2011
174685,BMW,X3,Diesel,Manual,Used,5286,105.0,2011
87468,Peugeot,208,Petrol,Manual,Used,7896,144.0,2020
133407,BMW,5 Series,Diesel,Manual,Used,7721,165.0,2012
49454,Renault,Captur,Petrol,Automatic,New,12467,62.0,2019
56477,BMW,3 Series,Petrol,Manual,Used,20124,,2020
17630,Opel,Corsa,Diesel,Semi-automatic,Used,6832,97.0,2016
11726,SEAT,Leon,Petrol,Manual,Used,13560,156.0,2020
117758,Renault,Kadjar,Diesel,Manual,Used,4488,76.0,2015
500,Opel,Astra,Diesel,Manual,Used,10595,50.0,2021
100812,Hyundai,Kona,Electric,Automatic,Used,6367,63.0,2013
143530,Peugeot,308,Petrol,Automatic,Used,4187,109.0,2015
140105,Mercedes-Benz,A-Class,Diesel,Manual,Used,8919,133.0,2015
58101,Renault,Captur,Diesel,Manual,Used,8238,114.0,2019
195877,Renault,Megane,Diesel,Automatic,Used,2313,109.0,2011
37529,Ford,Mondeo,Diesel,Manual,Used,11085,164.0,2020
184439,Renault,Clio,Diesel,Automatic,Used,2956,120.0,2011
108952,Toyota,Yaris,Diesel,Automatic,Used,6263,136.0,2014
79053,Peugeot,508,Petrol,Manual,New,12001,251.0,2017
127867,Peugeot,3008,Petrol,Automatic,Used,4050,121.0,2012
134222,SEAT,Arona,Petrol,Automatic,Demonstration,5692,94.0,2016
68255,Audi,A4,Petrol,Manual,Used,23859,137.0,2021
78297,Peugeot,208,Petrol,Manual,Used,8028,147.0,2020
150716,Ford,Focus,Petrol,Manual,Used,4229,119.0,2011
41618,Skoda,Fabia,Electric,Automatic,Used,13468,133.0,2017
119694,Audi,A3,Petrol,Automatic,Used,14121,193.0,2017
184037,Audi,Q5,Petrol,Manual,Used,5660,166.0,2011
71500,BMW,3 Series,Petrol,Manual,Used,15879,107.0,2018
67823,Hyundai,Kona,Petrol,Manual,Used,6756,81.0,2016
74898,BMW,3 Series,Diesel,Manual,Used,13720,131.0,2018
82015,BMW,3 Series,Diesel,Manual,Used,10690,79.0,2014
157192,Hyundai,i30,Diesel,Manual,Used,4368,147.0,2013
93261,Skoda,Octavia,Diesel,Manual,Used,7912,132.0,2019
117087,Opel,Corsa,Diesel,Automatic,Used,7821,247.0,2018
174798,Renault,Megane,Diesel,Automatic,Demonstration,3745,187.0,2012
86629,Ford,Kuga,Diesel,Manual,Used,4797,58.0,2013
81907,BMW,X3,Hybrid,Automatic,New,20449,103.0,2017
104889,Renault,Clio,Diesel,Manual,Used,8622,50.0,2020
104599,Mercedes-Benz,C-Class,Diesel,Manual,Used,10043,50.0,2013
132929,Skoda,Octavia,Diesel,Semi-automatic,Demonstration,5898,112.0,2013
94473,Hyundai,i20,Diesel,Automatic,Used,8205,74.0,2019
81600,Hyundai,i20,Petrol,Manual,New,12059,186.0,2018
116805,Ford,Fiesta,Petrol,Manual,Used,9114,166.0,2020
19350,Peugeot,3008,Diesel,Automatic,Used,10470,116.0,2019
500,SEAT,Leon,Petrol,Manual,Used,14450,100.0,2021
177844,Opel,Corsa,Diesel,Semi-automatic,Used,3410,174.0,2013
93144,BMW,5 Series,Petrol,Manual,Used,11566,184.0,2013
128113,Ford,Kuga,Hybrid,Manual,Used,4650,65.0,2013
162702,SEAT,Leon,Electric,Automatic,Used,3473,72.0,2011
81260,Hyundai,i20,Diesel,Automatic,Used,11018,114.0,2019
81499,Volkswagen,Polo,Petrol,Manual,Used,12000,131.0,2018
180997,Renault,Clio,Petrol,Automatic,Used,2746,97.0,2011
120915,Toyota,Corolla,Electric,Automatic,Used,8971,142.0,2013
177525,Hyundai,Kona,Diesel,Manual,Used,3839,195.0,2013
245904,Opel,Corsa,Petrol,Manual,Used,2189,50.0,2015
114195,BMW,3 Series,Diesel,Manual,Used,9043,90.0,2016
123489,Audi,A6,Diesel,Automatic,Used,7746,61.0,2014
500,Toyota,Yaris,Petrol,Automatic,Demonstration,20329,92.0,2021
112688,Toyota,Yaris,Petrol,Manual,Used,5136,94.0,2013
67520,SEAT,Ibiza,Diesel,Semi-automatic,Used,7031,78.0,2017
86289,BMW,1 Series,Petrol,Manual,Used,11267,132.0,2015
104437,BMW,1 Series,Petrol,Automatic,Used,12364,131.0,2015
92231,Opel,Insignia,Hybrid,Automatic,Used,8456,142.0,2020
58651,SEAT,Ateca,Petrol,Manual,Used,10240,101.0,2021
159441,Volkswagen,Passat,Electric,Manual,Used,4690,95.0,2011
47710,Renault,Captur,Petrol,Manual,Used,7301,94.0,2016
196808,Skoda,Superb,Diesel,Automatic,Used,3422,110.0,2012
103283,Volkswagen,Tiguan,Diesel,Manual,Used,7306,128.0,2015
14572,BMW,X3,Electric,Automatic,Used,27656,50.0,2017
129935,Opel,Astra,Diesel,Manual,Used,5632,122.0,2015
155899,Renault,Megane,Diesel,Manual,Used,3736,69.0,2014
35093,Peugeot,508,Petrol,Automatic,Used,6933,108.0,2014
91141,Opel,Corsa,Diesel,Manual,Used,3690,50.0,2014
116134,Audi,A3,Diesel,Automatic,Used,10252,107.0,2014
130708,Hyundai,Kona,Petrol,Manual,New,6879,122.0,2015
41949,Opel,Insignia,Diesel,Manual,Used,8724,133.0,2018
120875,Audi,A6,Petrol,Manual,Demonstration,7859,53.0,2012
190451,Opel,Corsa,Diesel,Manual,Used,2380,123.0,2011
73609,Volkswagen,Golf,Petrol,Automatic,Used,10240,176.0,2016
78972,Audi,A4,Diesel,Manual,Used,18425,90.0,2018
96097,Skoda,Fabia,Petrol,Manual,Used,6391,107.0,2013
87668,Hyundai,Kona,Diesel,Manual,Used,5579,50.0,2013
101434,Renault,Megane,Diesel,Automatic,New,8851,86.0,2017
113838,Peugeot,208,Petrol,Automatic,Used,4939,136.0,2015
77286,Skoda,Fabia,Diesel,Automatic,Used,11684,171.0,2019
131359,BMW,1 Series,Petrol,Semi-automatic,Used,6402,79.0,2012
122171,Ford,Fiesta,Diesel,Manual,Used,4401,226.0,2012
122625,Hyundai,i30,Diesel,Manual,Used,7540,125.0,2017
51696,Volkswagen,Passat,Diesel,Manual,Used,8826,52.0,2015
88801,Toyota,RAV4,Electric,Manual,Used,13898,171.0,2019
136218,Renault,Megane,Diesel,Automatic,Used,4934,69.0,2016
150103,Audi,Q5,Diesel,Automatic,Used,8615,138.0,2014
125927,Peugeot,3008,Petrol,Manual,Used,2547,64.0,2012
121422,Toyota,Yaris,Diesel,Automatic,Used,4226,60.0,2012
37648,Volkswagen,Polo,Petrol,Manual,Used,14301,156.0,2019
89674,BMW,1 Series,Hybrid,Automatic,Used,9871,110.0,2013
56341,SEAT,Leon,Petrol,Manual,Used,7759,188.0,2016
67566,Hyundai,Tucson,Petrol,Automatic,Demonstration,9092,82.0,2019
52727,Volkswagen,Passat,Diesel,Manual,Used,11521,50.0,2020
98265,SEAT,Ateca,Hybrid,Automatic,Used,5705,100.0,2013
173664,BMW,1 Series,Petrol,Automatic,Used,7847,251.0,2012
60901,SEAT,Ibiza,Diesel,Manual,Used,11011,151.0,2019
112846,SEAT,Ateca,Hybrid,Manual,Used,7258,137.0,2018
139920,BMW,X3,Hybrid,Automatic,Used,10445,149.0,2014
112050,Renault,Clio,Petrol,Automatic,Used,4845,104.0,2017
151698,Toyota,RAV4,Diesel,Automatic,New,7395,245.0,2013
94298,Toyota,Yaris,Petrol,Automatic,Used,11031,148.0,2018
500,Volkswagen,Polo,Petrol,Automatic,Used,16208,144.0,2019
115739,Mercedes-Benz,E-Class,Petrol,Automatic,Used,12528,167.0,2014
88636,Mercedes-Benz,C-Class,Diesel,Manual,Used,13731,,2016
111469,Opel,Mokka,Diesel,Automatic,Used,4417,83.0,2014
180536,BMW,3 Series,Diesel,Manual,Used,5178,94.0,2011
172203,Toyota,Corolla,Diesel,Manual,Used,3801,151.0,2012
28729,Peugeot,508,Petrol,Semi-automatic,Used,9087,57.0,2021
83807,Peugeot,508,Diesel,Manual,Used,5015,107.0,2016
124249,Mercedes-Benz,C-Class,Diesel,Manual,Demonstration,9916,97.0,2012
203402,Volkswagen,Polo,Petrol,Automatic,Used,3923,50.0,2011
132241,Toyota,RAV4,Diesel,Automatic,Used,5059,100.0,2014
500,Audi,Q5,Diesel,Manual,Used,28043,139.0,2021
98221,SEAT,Arona,Hybrid,Manual,Used,4990,50.0,2015
500,Toyota,RAV4,Diesel,Manual,Used,16066,179.0,2021
91238,Volkswagen,Golf,Electric,Manual,Used,10704,131.0,2016
38057,Volkswagen,Tiguan,Diesel,Manual,Used,12231,129.0,2019
24894,Volkswagen,Golf,Diesel,Manual,Used,10489,113.0,2019
220461,BMW,3 Series,Petrol,Automatic,Used,5683,71.0,2011
124535,Volkswagen,Passat,Diesel,Automatic,Used,4725,91.0,2011
39724,Peugeot,3008,Petrol,Automatic,Used,10318,146.0,2021
91535,SEAT,Ibiza,Diesel,Automatic,Used,10513,101.0,2021
187704,Hyundai,i20,Petrol,Automatic,Used,3261,129.0,2012
58896,Peugeot,3008,Diesel,Automatic,Used,8571,87.0,2018
500,Hyundai,i30,Petrol,Manual,Used,14028,135.0,2021
500,Mercedes-Benz,A-Class,Petrol,Automatic,Used,32606,154.0,2021
105596,Audi,A4,Petrol,Automatic,New,14784,50.0,2014
20955,Toyota,RAV4,Diesel,Manual,Used,11357,116.0,2019
34816,Mercedes-Benz,E-Class,Petrol,Manual,Demonstration,18961,50.0,2018
3579,Volkswagen,Polo,Petrol,Manual,Used,18544,50.0,2021
146421,Renault,Megane,Diesel,Manual,Used,2865,79.0,2012
91982,Peugeot,3008,Petrol,Automatic,Used,7244,252.0,2017
121677,Hyundai,Tucson,Diesel,Manual,Used,3572,140.0,2011
96121,Hyundai,Tucson,Diesel,Manual,Used,5282,171.0,2014
159411,BMW,X3,Petrol,Manual,Used,5636,132.0,2011
98158,Peugeot,208,Diesel,Automatic,Used,4710,133.0,2015
109275,Toyota,C-HR,Diesel,Manual,Used,10113,153.0,2019
68129,Renault,Captur,Petrol,Manual,Used,8005,83.0,2018
63524,Peugeot,3008,Petrol,Automatic,Used,5807,144.0,2014
119636,Toyota,C-HR,Diesel,Automatic,Demonstration,8786,177.0,2015
124098,Opel,Mokka,Diesel,Manual,New,5537,140.0,2015
40621,Volkswagen,Passat,Petrol,Automatic,Used,13274,184.0,2019
92531,Opel,Mokka,Petrol,Manual,Used,4323,115.0,2013
211532,Mercedes-Benz,E-Class,Petrol,Automatic,Used,6571,197.0,2012
52554,BMW,X3,Petrol,Automatic,Used,14785,116.0,2016
53127,BMW,5 Series,Petrol,Automatic,Used,24470,224.0,2020
97002,Renault,Captur,Hybrid,Manual,Used,5225,136.0,2016
156028,Skoda,Octavia,Diesel,Automatic,Used,4275,105.0,2013
224740,Skoda,Kodiaq,Diesel,Manual,New,3842,52.0,2011
34657,Renault,Clio,Diesel,Manual,Demonstration,13121,79.0,2021
25447,Skoda,Superb,Diesel,Automatic,Used,13806,85.0,2019
188710,SEAT,Ibiza,Diesel,Automatic,Used,3649,117.0,2012
142912,BMW,3 Series,Electric,Manual,Used,7391,50.0,2011
155725,Toyota,C-HR,Diesel,Automatic,Used,3740,179.0,2012
59742,Opel,Mokka,Diesel,Manual,Used,5420,114.0,2015
8835,BMW,3 Series,Petrol,Automatic,Used,25246,131.0,2019
151799,Peugeot,208,Hybrid,Manual,Used,3759,54.0,2012
42883,Renault,Kadjar,Diesel,Manual,New,11789,79.0,2020
105416,Volkswagen,Tiguan,Petrol,Automatic,Used,4413,50.0,2011
62405,Mercedes-Benz,C-Class,Petrol,Manual,Used,17695,,2019
91320,Volkswagen,Passat,Diesel,Automatic,Demonstration,7203,59.0,2014
59789,Audi,A4,Petrol,Manual,Used,15787,55.0,2021
77681,BMW,X3,Petrol,Automatic,Used,13306,189.0,2016
95673,Renault,Megane,Diesel,Manual,Used,4287,124.0,2013
137653,Skoda,Octavia,Diesel,Automatic,Used,4809,127.0,2013
500,Hyundai,i30,Diesel,Automatic,Used,13762,144.0,2020
149413,Renault,Captur,Petrol,Automatic,Used,4048,167.0,2015
120019,SEAT,Arona,Petrol,Manual,Used,4491,112.0,2014
39691,Skoda,Octavia,Diesel,Automatic,Used,10826,59.0,2019
110713,Volkswagen,Tiguan,Petrol,Automatic,Used,8762,158.0,2016
24827,Volkswagen,Passat,Diesel,,Used,12675,131.0,2018
59880,SEAT,Arona,Diesel,Automatic,Demonstration,11568,177.0,2015
179292,Volkswagen,Tiguan,Petrol,Automatic,Used,3561,64.0,2011
126512,Volkswagen,Golf,Diesel,Automatic,Used,4947,87.0,2011
126500,Mercedes-Benz,C-Class,Petrol,Manual,Used,7060,123.0,2011
104286,Toyota,C-HR,Diesel,Manual,Used,7455,68.0,2017
108377,Opel,Astra,Petrol,Semi-automatic,Used,5634,50.0,2016
1116,Renault,Clio,Diesel,Automatic,New,17023,137.0,2019
8330,Ford,Fiesta,Diesel,,Used,10761,154.0,2020
118369,Mercedes-Benz,GLC,Petrol,Semi-automatic,Used,7126,100.0,2012
77171,Ford,Mondeo,Petrol,Manual,Used,10850,140.0,2021
46710,BMW,X3,Diesel,Manual,Used,21039,133.0,2021
60270,Peugeot,208,Electric,Automatic,Used,8033,126.0,2017
110167,Mercedes-Benz,E-Class,Diesel,Automatic,Used,12977,131.0,2016
102533,Ford,Kuga,Diesel,Semi-automatic,Used,3645,167.0,2012
126457,Hyundai,i20,Diesel,Automatic,Used,4158,78.0,2012
168670,SEAT,Ateca,Petrol,Manual,Used,3386,140.0,2011
75828,Opel,Astra,Petrol,Manual,Used,7164,59.0,2018
101589,Skoda,Fabia,Petrol,Manual,Used,5976,73.0,2015
143680,Peugeot,208,Petrol,Automatic,Used,4713,176.0,2013
152742,Audi,A6,Diesel,Manual,Used,6699,52.0,2012
159275,SEAT,Arona,Diesel,Automatic,Demonstration,4141,109.0,2011
49635,Toyota,Yaris,Diesel,Manual,Used,10757,218.0,2018
45081,Skoda,Kodiaq,Petrol,Manual,Used,12481,158.0,2018
83118,Opel,Insignia,Diesel,Manual,Used,5858,78.0,2017
164379,BMW,1 Series,Petrol,Automatic,Used,7847,96.0,2012
171943,Mercedes-Benz,GLC,Petrol,Manual,Used,6926,97.0,2011
108749,Hyundai,i20,Petrol,Semi-automatic,Used,4564,165.0,2012
10038,Skoda,Superb,Diesel,Automatic,New,18914,83.0,2019
58961,Audi,A6,Diesel,Manual,Used,17058,65.0,2019
171509,Opel,Astra,Electric,Automatic,Used,4062,155.0,2014
170335,Skoda,Fabia,Petrol,Manual,New,4621,50.0,2011
105592,Skoda,Kodiaq,Petrol,Manual,Used,5826,67.0,2014
52852,Renault,Captur,Petrol,Manual,Used,6764,109.0,2019
110211,Audi,A4,Electric,Automatic,Used,10853,119.0,2012
90813,SEAT,Leon,Diesel,Automatic,New,12738,67.0,2019
96531,Opel,Mokka,Electric,Manual,Used,7932,126.0,2016
126569,Hyundai,i30,Diesel,Automatic,Demonstration,5234,146.0,2012
9162,BMW,3 Series,Hybrid,Automatic,Used,24876,100.0,2021
71554,BMW,X3,Diesel,Automatic,Used,12823,200.0,2016
105908,Opel,Mokka,Diesel,Automatic,Used,6172,142.0,2018
142922,Skoda,Octavia,Diesel,Automatic,Used,4921,76.0,2012
110438,Renault,Megane,Petrol,Automatic,Used,4912,197.0,2015
95080,Ford,Fiesta,Hybrid,Manual,Used,8855,87.0,2017
34073,Toyota,Yaris,Diesel,Automatic,Used,11663,135.0,2018
171780,Opel,Insignia,Diesel,Manual,Used,2597,83.0,2011
84605,BMW,5 Series,Diesel,Automatic,Used,13012,154.0,2017
500,BMW,3 Series,Diesel,Automatic,Used,27657,108.0,2021
53844,Hyundai,i30,Petrol,Manual,New,11192,94.0,2019
133398,BMW,1 Series,Diesel,Manual,Used,9073,100.0,2013
19549,Hyundai,Kona,Hybrid,Automatic,Used,14410,107.0,2021
61247,Audi,A6,Electric,Automatic,Used,18959,175.0,2018
174071,BMW,5 Series,Diesel,Automatic,Demonstration,5122,63.0,2011
196807,Audi,Q5,Petrol,Automatic,Used,5909,119.0,2012
500,SEAT,Ibiza,Hybrid,Manual,Used,15304,119.0,2021
123025,Opel,Insignia,Electric,Manual,Used,4955,101.0,2013
173332,Peugeot,3008,Petrol,Automatic,Used,3124,165.0,2012
121832,SEAT,Ateca,Diesel,Manual,Used,5676,50.0,2015
106079,Ford,Focus,Diesel,Automatic,Used,6513,151.0,2016
171375,SEAT,Ateca,Petrol,Manual,Used,5412,55.0,2017
81495,Hyundai,Tucson,Diesel,Manual,Used,6930,89.0,2018
54583,Ford,Mondeo,Petrol,Automatic,Used,10003,69.0,2021
34252,BMW,3 Series,Petrol,Automatic,Used,18772,113.0,2019
130248,Ford,Kuga,Diesel,Automatic,Used,3351,94.0,2011
153999,Toyota,C-HR,Diesel,Manual,Used,3493,179.0,2011
189919,Mercedes-Benz,E-Class,Diesel,Automatic,Used,6300,131.0,2011
119239,Hyundai,Tucson,Electric,Manual,Used,6608,129.0,2015
134114,SEAT,Ibiza,Diesel,Automatic,Demonstration,5337,73.0,2014
7498,SEAT,Ateca,Diesel,Automatic,Used,16327,163.0,2021
91917,Audi,A6,Hybrid,Manual,Used,10512,183.0,2015
158705,Hyundai,i20,Petrol,Automatic,Used,3724,159.0,2011
55357,Volkswagen,Golf,Petrol,Automatic,Used,11478,70.0,2020
164425,Audi,A6,Petrol,Manual,Used,6377,86.0,2013
500,Opel,Astra,Diesel,Automatic,Used,9917,135.0,2021
71682,Opel,Corsa,Hybrid,Manual,Used,8858,87.0,2019
7225,Opel,Astra,Electric,Automatic,Used,12587,243.0,2020
46412,BMW,1 Series,Diesel,Manual,Used,17146,92.0,2020
143281,Mercedes-Benz,A-Class,Diesel,Manual,Used,6350,104.0,2012
129803,BMW,1 Series,Diesel,Automatic,Used,11503,99.0,2017
90367,Skoda,Octavia,Petrol,Manual,Used,6463,119.0,2015
81251,Ford,Focus,Petrol,Semi-automatic,Used,8668,173.0,2017
66231,Skoda,Superb,Petrol,Manual,Used,10100,118.0,2019
59411,SEAT,Ateca,Hybrid,Manual,Used,9118,100.0,2016
117450,Renault,Kadjar,Petrol,Manual,Used,4229,60.0,2014
5670,Skoda,Kodiaq,Petrol,Manual,Used,14338,169.0,2021
42017,SEAT,Arona,Petrol,Manual,Used,8590,106.0,2018
14610,SEAT,Ibiza,Petrol,Manual,Used,14655,106.0,2020
173921,SEAT,Leon,Diesel,Manual,Used,3879,50.0,2013
9051,SEAT,Arona,Petrol,Manual,Used,13973,108.0,2020
139824,Audi,A6,Petrol,Manual,Used,9239,90.0,2014
101011,Mercedes-Benz,GLC,Diesel,Manual,Used,12484,50.0,2016
500,Peugeot,3008,Petrol,Manual,Used,12740,159.0,2020
138171,Ford,Focus,Petrol,Manual,Used,4560,84.0,2014
85527,Skoda,Fabia,Diesel,Manual,Used,7184,192.0,2013
36983,Mercedes-Benz,GLC,Petrol,Manual,Used,24462,179.0,2021
500,Opel,Insignia,Diesel,Manual,Used,11995,83.0,2021
120293,Skoda,Octavia,Petrol,Manual,Used,4402,170.0,2014
74700,SEAT,Ibiza,Petrol,Automatic,Demonstration,6070,195.0,2014
139283,Skoda,Kodiaq,Diesel,Manual,Used,5375,82.0,2013
197443,Ford,Mondeo,Diesel,Manual,Used,2893,59.0,2011
46756,Hyundai,Kona,Diesel,Automatic,Used,8335,50.0,2017
113749,Skoda,Octavia,Diesel,Manual,Used,5108,124.0,2013
45912,Peugeot,3008,Petrol,Manual,Used,7960,70.0,2020
166787,Renault,Kadjar,Diesel,Automatic,Used,2959,139.0,2012
500,Skoda,Superb,Hybrid,Automatic,Used,10972,100.0,2017
160539,Toyota,RAV4,Diesel,Semi-automatic,Used,5471,75.0,2016
93499,BMW,5 Series,Diesel,Automatic,Used,14722,101.0,2017
174392,Hyundai,i20,Electric,Automatic,New,6045,63.0,2012
84976,Toyota,Corolla,Petrol,Automatic,Used,9990,100.0,2016
10063,Skoda,Superb,Petrol,Manual,New,14806,78.0,2017
143615,Renault,Clio,Petrol,Automatic,Used,2826,122.0,2014
10218,Skoda,Octavia,Electric,Automatic,Used,23817,134.0,2020
109038,Audi,A4,Diesel,Manual,Used,9838,62.0,2016
112342,Peugeot,508,Diesel,Manual,Used,4702,158.0,2014
173331,Mercedes-Benz,A-Class,Hybrid,Automatic,Used,7198,113.0,2011
122875,Audi,A6,Diesel,Automatic,Used,8777,189.0,2012
120254,Skoda,Superb,Petrol,Automatic,Used,6834,136.0,2016
63407,Toyota,Yaris,Petrol,Manual,Used,8086,112.0,2015
108595,Ford,Fiesta,Petrol,Automatic,Used,7743,107.0,2020
123328,Opel,Astra,Petrol,Manual,Used,8055,141.0,2019
207144,Volkswagen,Tiguan,Hybrid,Automatic,Used,4533,123.0,2012
119642,BMW,1 Series,Diesel,Manual,Used,11998,150.0,2017
102041,Volkswagen,Polo,Petrol,Manual,New,12154,181.0,2015
190829,Volkswagen,Polo,Petrol,Manual,Used,3185,73.0,2012
56634,Toyota,Corolla,Diesel,Manual,Used,11996,140.0,2018
35627,Toyota,C-HR,Electric,Manual,Used,11918,136.0,2016
217612,Peugeot,308,Petrol,Automatic,Used,2531,141.0,2011
129509,Volkswagen,Tiguan,Diesel,Manual,Used,7060,91.0,2016
43903,Volkswagen,Polo,Electric,Automatic,Used,12252,109.0,2019
77119,Audi,A6,Hybrid,Automatic,Demonstration,11914,97.0,2014
99483,Skoda,Superb,Diesel,Manual,Used,6747,81.0,2014
86260,Ford,Fiesta,Petrol,Automatic,Used,4876,83.0,2012
168078,Opel,Mokka,Diesel,Automatic,Used,3959,117.0,2013
500,Mercedes-Benz,A-Class,Diesel,Automatic,Used,34890,96.0,2021
85039,Renault,Kadjar,Diesel,Automatic,Used,6562,146.0,2017
120471,Audi,Q5,Electric,Automatic,Used,10150,124.0,2012
40065,Volkswagen,Golf,Diesel,Semi-automatic,Used,11911,118.0,2016
143342,Renault,Clio,Diesel,Manual,Used,4287,95.0,2013
93317,Toyota,RAV4,Petrol,Manual,Demonstration,7660,112.0,2015
179337,Volkswagen,Polo,Diesel,Automatic,Demonstration,5540,110.0,2012
30634,Opel,Corsa,Diesel,Manual,Used,8604,146.0,2017
48494,Peugeot,208,Diesel,Automatic,Used,9078,106.0,2017
500,Renault,Megane,Petrol,Manual,Used,9038,128.0,2017
28548,Toyota,Corolla,Petrol,Manual,Used,8148,50.0,2015
182937,Ford,Fiesta,Petrol,Automatic,Demonstration,4103,155.0,2014
207926,Ford,Kuga,Diesel,Manual,Used,2622,82.0,2013
138245,Renault,Captur,Petrol,Manual,Used,4207,66.0,2013
76166,BMW,5 Series,Petrol,Automatic,Used,12109,73.0,2015
94554,Mercedes-Benz,C-Class,Diesel,Automatic,Used,10347,69.0,2015
90575,SEAT,Ateca,Diesel,Automatic,Used,9051,105.0,2018
146996,Renault,Clio,Diesel,Manual,Used,2831,172.0,2011
128317,BMW,5 Series,Diesel,Automatic,Used,8368,94.0,2014
29554,Skoda,Fabia,Diesel,Automatic,Used,16331,50.0,2020
500,Ford,Focus,Hybrid,Automatic,Used,15211,146.0,2021
500,Skoda,Fabia,Petrol,Manual,Used,15772,65.0,2021
130266,Hyundai,i30,Petrol,Manual,Used,4395,145.0,2014
115809,Volkswagen,Tiguan,Diesel,Automatic,Used,4922,102.0,2012
150811,Hyundai,Kona,Petrol,Automatic,Demonstration,3808,110.0,2013
133495,Opel,Astra,Petrol,Manual,Used,3317,160.0,2012
19458,Peugeot,3008,Hybrid,Automatic,Used,13085,158.0,2021
78439,Opel,Insignia,Diesel,Automatic,Used,8721,73.0,2020
39113,Audi,A4,Petrol,Manual,Used,18817,64.0,2019
77193,Peugeot,308,Diesel,Manual,Used,7270,50.0,2019
57279,Renault,Kadjar,Petrol,Manual,Used,5230,225.0,2014
73537,BMW,5 Series,Electric,Automatic,Used,20154,86.0,2016
30969,Renault,Clio,Petrol,Automatic,Used,12157,182.0,2020
112317,Peugeot,308,Petrol,Automatic,Used,6609,104.0,2019
21402,Ford,Fiesta,Electric,Automatic,Used,9865,76.0,2016
26633,Hyundai,i30,Electric,Automatic,Used,12598,130.0,2020
170984,SEAT,Ibiza,Diesel,Manual,Used,4372,93.0,2014
77524,Ford,Focus,Diesel,Automatic,Demonstration,8832,160.0,2015
22551,Volkswagen,Tiguan,Petrol,Semi-automatic,Used,17316,151.0,2020
116611,Renault,Clio,Hybrid,Manual,Used,4959,82.0,2015
51458,Mercedes-Benz,A-Class,Petrol,Automatic,Used,22019,63.0,2019
159802,Peugeot,3008,Diesel,Manual,Used,4297,55.0,2015
135697,Skoda,Superb,Petrol,Automatic,Used,5007,50.0,2014
181472,Opel,Mokka,Diesel,Automatic,Used,2875,110.0,2013
62400,BMW,3 Series,Diesel,Automatic,Demonstration,15586,125.0,2017
64082,Renault,Megane,Diesel,Automatic,Used,6743,74.0,2016
97100,BMW,3 Series,Diesel,Manual,Used,10984,52.0,2015
4431,Opel,Insignia,Petrol,Manual,Used,9400,112.0,2019
181923,Toyota,RAV4,Diesel,Automatic,Used,3515,92.0,2011
136494,Hyundai,Kona,Diesel,Manual,Used,3657,96.0,2012
500,Hyundai,i30,Petrol,Manual,Demonstration,17466,98.0,2021
77453,Hyundai,i20,Diesel,Automatic,Used,7295,138.0,2018
34970,Skoda,Kodiaq,Diesel,Manual,New,11247,86.0,2017
191968,Mercedes-Benz,A-Class,Diesel,Manual,Used,4716,83.0,2011
58258,Toyota,C-HR,Diesel,Manual,Used,9117,50.0,2017
145568,Peugeot,308,Petrol,Manual,Used,4376,107.0,2015
61254,Hyundai,i30,Diesel,Automatic,Used,7441,130.0,2017
187117,SEAT,Leon,Diesel,Manual,Used,3100,97.0,2011
81285,BMW,X3,Diesel,Manual,Used,16986,197.0,2017
101037,Skoda,Octavia,Diesel,Automatic,Used,8394,133.0,2017
123848,Opel,Mokka,Diesel,Manual,Used,4422,101.0,2014
106781,Toyota,Yaris,Diesel,Automatic,Used,4594,142.0,2011
50308,Ford,Fiesta,Diesel,Manual,Used,11561,210.0,2021
56931,Audi,A4,Diesel,Manual,Used,17886,123.0,2018
102633,Volkswagen,Passat,Electric,Automatic,Used,10718,50.0,2017
69159,Toyota,RAV4,Diesel,Automatic,Used,10676,147.0,2019
32935,Peugeot,508,Diesel,Automatic,Used,10644,87.0,2018
117982,Volkswagen,Tiguan,Petrol,Manual,Used,5042,50.0,2012
112937,Opel,Astra,Diesel,Manual,Used,5564,186.0,2016
19386,Opel,Astra,Petrol,Manual,Used,9751,181.0,2020
152775,Opel,Mokka,Diesel,Automatic,Used,4339,82.0,2014
8763,Hyundai,i30,Petrol,Manual,Used,13278,75.0,2021
200819,BMW,3 Series,Hybrid,Automatic,Used,6693,127.0,2011
134816,Audi,Q5,Diesel,Automatic,Used,8301,83.0,2014
130079,Mercedes-Benz,A-Class,Diesel,Manual,Used,9369,102.0,2014
61910,Mercedes-Benz,C-Class,Petrol,Manual,Used,16517,79.0,2017
158135,Toyota,C-HR,Hybrid,Manual,Used,5715,88.0,2012
176750,Hyundai,Tucson,Diesel,Automatic,Demonstration,3783,59.0,2013
58102,Volkswagen,Passat,Petrol,,Used,12262,164.0,2018
138591,SEAT,Arona,Diesel,Automatic,Used,5304,177.0,2014
31623,Mercedes-Benz,E-Class,Petrol,Manual,Used,19232,109.0,2020
34361,Mercedes-Benz,E-Class,Diesel,Manual,New,22900,112.0,2020
180319,Audi,A6,Petrol,Manual,Used,6372,136.0,2014
117061,Mercedes-Benz,C-Class,Diesel,Manual,Used,14054,111.0,2017
122779,Opel,Astra,Petrol,Automatic,Used,5366,201.0,2014
127506,Hyundai,Kona,Diesel,Automatic,Demonstration,4765,64.0,2014
35435,SEAT,Ibiza,Petrol,Automatic,Used,9064,166.0,2018
113946,Renault,Captur,Petrol,Automatic,Used,5375,118.0,2014
160829,Opel,Corsa,Petrol,Manual,Demonstration,2846,56.0,2012
164771,Volkswagen,Golf,Hybrid,Automatic,Used,5589,223.0,2013
41223,BMW,X3,Petrol,Automatic,Used,30691,237.0,2021
96176,Audi,Q5,Petrol,Manual,Used,10612,98.0,2013
139194,Mercedes-Benz,E-Class,Diesel,Manual,Used,10913,129.0,2015
71893,Toyota,Yaris,Electric,Automatic,Used,9847,105.0,2017
115455,Toyota,Yaris,Petrol,Automatic,Used,4488,107.0,2012
181773,Toyota,Yaris,Diesel,Manual,Used,4500,56.0,2013
201215,SEAT,Arona,Petrol,Automatic,Used,3080,63.0,2012
24231,Skoda,Fabia,Petrol,Automatic,Used,14824,213.0,2021
39808,SEAT,Leon,Petrol,Automatic,Used,12554,128.0,2021
71861,Ford,Focus,Petrol,Manual,Used,10593,115.0,2019
183852,Renault,Megane,Petrol,Manual,Demonstration,3765,71.0,2013
100482,Peugeot,508,Diesel,Automatic,Used,6517,135.0,2017
13531,Peugeot,308,Hybrid,Manual,Used,9296,50.0,2018
100343,SEAT,Ateca,Petrol,Manual,Used,8229,79.0,2020
187298,Volkswagen,Golf,,Automatic,Used,4545,67.0,2012
27167,Renault,Clio,Petrol,Manual,Used,11310,171.0,2019
98963,Ford,Kuga,Petrol,Manual,Used,4891,50.0,2013
92668,Renault,Clio,Petrol,Automatic,Used,5801,73.0,2017
20261,Skoda,Fabia,Petrol,Manual,Used,14498,50.0,2020
176550,Toyota,Corolla,Electric,Automatic,Used,5644,80.0,2011
176019,Ford,Focus,Electric,Manual,Used,3454,85.0,2012
25175,Hyundai,Tucson,Petrol,Manual,Used,10991,157.0,2019
125936,Toyota,C-HR,Diesel,Manual,Used,4950,95.0,2011
73504,Audi,A3,Petrol,Manual,Used,15533,94.0,2018
71331,Opel,Mokka,Petrol,Manual,Demonstration,6158,123.0,2016
125113,Skoda,Superb,Petrol,Automatic,Used,5609,103.0,2014
500,Peugeot,3008,Electric,Automatic,New,24702,237.0,2020
21174,Renault,Clio,Diesel,Manual,Used,8876,87.0,2020
145023,Toyota,C-HR,Diesel,Manual,Used,5359,127.0,2014
186208,Ford,Focus,Electric,Automatic,Used,4291,157.0,2011
122407,Skoda,Kodiaq,Hybrid,Manual,Used,4571,78.0,2012
109111,Opel,Insignia,Diesel,Manual,Used,3197,113.0,2012
15552,Toyota,Corolla,Diesel,Manual,Used,15036,92.0,2021
94636,Audi,A3,Diesel,Manual,Used,11683,123.0,2017
74181,SEAT,Ateca,Petrol,Automatic,Used,9719,132.0,2018
117074,BMW,3 Series,Petrol,Manual,Used,7306,101.0,2013
40424,Toyota,RAV4,Diesel,Automatic,Used,14272,77.0,2020
112582,Ford,Mondeo,Diesel,Manual,Used,7322,196.0,2018
52180,Ford,Fiesta,Petrol,Manual,Used,9446,139.0,2019
32840,Skoda,Octavia,Petrol,Automatic,Used,10730,54.0,2016
67112,Opel,Astra,Petrol,Manual,Used,6787,93.0,2018
161538,Toyota,Yaris,Diesel,Automatic,Used,5421,54.0,2016
59941,Skoda,Octavia,Diesel,Automatic,Used,7401,158.0,2015
76040,Skoda,Octavia,Diesel,Automatic,New,12399,125.0,2017
112078,BMW,X3,Hybrid,Manual,Used,11395,108.0,2014
18356,Volkswagen,Polo,Diesel,Manual,Used,18627,77.0,2021
66799,Ford,Mondeo,Petrol,Manual,Used,8487,98.0,2018
84899,Hyundai,Kona,Petrol,Automatic,Used,9127,163.0,2019
62967,Hyundai,Kona,Electric,Automatic,Used,12379,175.0,2018
149704,SEAT,Ateca,,Manual,Used,4852,147.0,2015
10882,SEAT,Leon,Petrol,Manual,Used,11945,50.0,2021
122745,Ford,Mondeo,Petrol,Manual,Used,5276,,2013
51579,Mercedes-Benz,C-Class,Diesel,Manual,Used,16718,122.0,2017
101402,Volkswagen,Polo,Petrol,Manual,Used,5182,72.0,2011
129652,Ford,Fiesta,Diesel,Automatic,Used,5101,50.0,2014
146890,Audi,A6,Hybrid,Semi-automatic,Used,11867,53.0,2017
106038,Mercedes-Benz,A-Class,Petrol,Manual,Used,11156,177.0,2016
39036,Audi,Q5,Diesel,Manual,Demonstration,25054,61.0,2021
60544,Volkswagen,Tiguan,Petrol,Manual,Used,12617,113.0,2017
96448,SEAT,Leon,Petrol,Manual,Used,6846,102.0,2015
139462,Hyundai,Kona,Petrol,Automatic,Used,5248,117.0,2015
145304,Renault,Clio,Diesel,Manual,Demonstration,5114,97.0,2017
97078,Opel,Mokka,Diesel,Semi-automatic,Used,5061,149.0,2019
148184,Opel,Astra,Petrol,Automatic,Used,3571,125.0,2014
76230,Audi,Q5,Petrol,Manual,Used,13740,83.0,2017
82340,BMW,5 Series,Electric,Automatic,Used,17899,128.0,2017
138627,SEAT,Arona,Diesel,Automatic,Used,3432,63.0,2011
500,Skoda,Octavia,Petrol,Semi-automatic,Used,17355,136.0,2021
35562,Volkswagen,Polo,Diesel,Manual,Used,9444,80.0,2017
136743,Ford,Mondeo,Petrol,Semi-automatic,Used,4309,79.0,2013
64780,Audi,A3,Diesel,Manual,Used,14893,134.0,2017
8570,Mercedes-Benz,E-Class,Diesel,Manual,Used,19028,94.0,2018
13694,Renault,Clio,Diesel,Automatic,Used,14965,114.0,2021
153855,Skoda,Fabia,Petrol,Manual,Used,4032,158.0,2011
63950,SEAT,Leon,Diesel,Manual,Used,5804,65.0,2015
137044,Renault,Captur,Petrol,Manual,Used,3510,128.0,2012
63767,Hyundai,i30,Diesel,Manual,Used,6753,154.0,2017
68418,Peugeot,208,Petrol,Manual,Used,6063,163.0,2016
122433,SEAT,Ibiza,Petrol,Manual,Used,7013,208.0,2016
500,Toyota,C-HR,Diesel,Automatic,Used,19030,101.0,2021
20497,Opel,Mokka,Diesel,Automatic,Used,7692,86.0,2016
105115,Hyundai,i20,Diesel,Manual,Used,6401,146.0,2015
168364,Peugeot,208,Petrol,,Used,3229,162.0,2011
134148,SEAT,Ibiza,Hybrid,Automatic,Demonstration,5748,87.0,2014
11136,Toyota,C-HR,Diesel,Automatic,Used,18494,151.0,2020
72873,Skoda,Superb,Petrol,Automatic,Used,6538,247.0,2015
14744,Renault,Kadjar,Petrol,Automatic,Used,11585,135.0,2021
74545,Audi,A4,Petrol,Manual,Used,13323,152.0,2016
129287,Hyundai,Tucson,Petrol,Automatic,Used,7177,197.0,2017
93652,SEAT,Ibiza,Hybrid,Automatic,Used,7286,237.0,2015
73139,Peugeot,3008,Petrol,Automatic,Used,5752,137.0,2017
251640,Opel,Insignia,Petrol,Manual,Used,1500,161.0,2011
158183,Toyota,Corolla,Diesel,Automatic,Used,3966,85.0,2011
109465,Volkswagen,Passat,Petrol,Automatic,Used,7484,126.0,2016
97621,BMW,X3,Hybrid,Manual,Used,12501,91.0,2017
100599,Skoda,Fabia,Electric,Automatic,Used,8405,50.0,2017
115132,Renault,Clio,Diesel,Automatic,Used,4761,52.0,2015
126784,Peugeot,208,Petrol,Automatic,Used,5263,142.0,2014
63512,Opel,Mokka,Diesel,Manual,New,9873,132.0,2018
54840,SEAT,Leon,Petrol,Automatic,Used,9784,79.0,2017
176393,Skoda,Fabia,Diesel,Automatic,Used,3486,190.0,2011
176003,Hyundai,Tucson,Petrol,Manual,Used,4213,59.0,2015
102374,SEAT,Leon,Diesel,Automatic,Used,9159,139.0,2018
55637,Opel,Corsa,Diesel,Manual,Used,7731,94.0,2019
149954,Hyundai,Tucson,Diesel,Automatic,Used,4579,128.0,2014
500,BMW,X3,Diesel,Automatic,Used,28251,170.0,2021
50882,Hyundai,Tucson,Diesel,Automatic,Used,10622,161.0,2018
138175,BMW,3 Series,Petrol,Automatic,Used,10985,156.0,2015
127051,Audi,A4,Petrol,Manual,Used,12160,137.0,2017
3020,Peugeot,308,Petrol,Automatic,Used,11738,72.0,2020
118074,Renault,Captur,Petrol,Manual,Used,3261,158.0,2013
226348,Hyundai,i20,Diesel,Manual,Used,2497,58.0,2012
108369,Renault,Clio,Petrol,Manual,Used,4615,104.0,2015
228818,SEAT,Arona,Petrol,Automatic,Used,2574,104.0,2011
37240,Ford,Kuga,Diesel,Automatic,Used,12907,145.0,2020
23616,Volkswagen,Tiguan,Petrol,Manual,Used,19017,93.0,2021
64308,BMW,5 Series,Petrol,Manual,Used,13318,104.0,2017
47989,Audi,Q5,Petrol,Manual,New,25848,188.0,2021
212522,Volkswagen,Polo,Petrol,Manual,Used,2602,50.0,2011
38775,Skoda,Superb,Diesel,Manual,Used,8895,111.0,2017
92664,Peugeot,208,Petrol,Automatic,Used,6146,74.0,2015
152028,Hyundai,Kona,Diesel,Automatic,Used,3889,153.0,2014
115466,Opel,Corsa,Electric,Semi-automatic,Used,4360,75.0,2014
72732,Toyota,C-HR,Diesel,Manual,Used,8819,112.0,2016
95334,Hyundai,i30,Petrol,Manual,Used,7918,52.0,2018
188621,Toyota,C-HR,Petrol,Manual,Used,3116,164.0,2012
59263,Opel,Corsa,Diesel,Automatic,Used,5605,129.0,2017
22433,Audi,A3,Diesel,Automatic,Used,24318,136.0,2021
122703,Hyundai,i20,Diesel,Automatic,Used,4363,157.0,2011
500,Mercedes-Benz,A-Class,Petrol,Manual,Used,25841,58.0,2020
79346,Ford,Focus,Electric,Automatic,Used,9322,98.0,2017
121099,Volkswagen,Polo,Diesel,Semi-automatic,Used,6507,116.0,2014
11159,Peugeot,3008,Petrol,Manual,Used,10094,50.0,2019
49941,SEAT,Leon,Electric,Automatic,Demonstration,11962,52.0,2017
7723,BMW,3 Series,Petrol,Automatic,Used,18461,91.0,2019
180927,Mercedes-Benz,A-Class,Petrol,,Used,5044,54.0,2011
96133,Skoda,Superb,Petrol,Automatic,Used,5933,105.0,2011
24595,Skoda,Superb,Petrol,Automatic,Used,11636,151.0,2018
54797,Peugeot,508,Diesel,Automatic,Demonstration,6156,157.0,2014
149666,Audi,A3,Diesel,Manual,Used,7471,188.0,2013
41904,Hyundai,i30,Petrol,Manual,Used,7353,108.0,2015
61111,Opel,Astra,Petrol,Automatic,Used,8536,134.0,2018
207383,Peugeot,508,Diesel,Manual,Used,2710,105.0,2012
73570,Mercedes-Benz,A-Class,Electric,Manual,Used,25263,129.0,2021
41793,Volkswagen,Golf,Diesel,Manual,Used,10520,127.0,2015
160444,Volkswagen,Passat,Diesel,Manual,Used,4803,147.0,2012
130386,Ford,Focus,Electric,Automatic,Demonstration,5514,161.0,2011
500,Hyundai,i30,Electric,Automatic,Used,18161,152.0,2020
146029,Volkswagen,Passat,Petrol,Manual,Used,5075,174.0,2012
147990,Ford,Kuga,Diesel,Automatic,Used,5839,125.0,2015
80988,BMW,1 Series,Diesel,Manual,Used,11895,84.0,2018
64970,Hyundai,Tucson,Diesel,Manual,Used,7136,90.0,2016
159676,Renault,Kadjar,Petrol,Manual,Used,3202,102.0,2013
71470,Peugeot,3008,Diesel,Manual,Demonstration,4475,57.0,2012
33647,Renault,Clio,Petrol,Manual,Used,7636,84.0,2018
61164,SEAT,Ibiza,Diesel,Automatic,Used,8485,74.0,2016
167741,Peugeot,508,Petrol,Manual,Used,2939,120.0,2011
142901,Volkswagen,Golf,Diesel,Automatic,Used,6207,137.0,2012
70049,Toyota,Corolla,Petrol,Manual,Used,8234,50.0,2017
143885,Renault,Clio,Petrol,Automatic,Used,3372,92.0,2012
105784,Renault,Megane,Hybrid,Automatic,Used,6313,206.0,2015
168905,Ford,Kuga,Electric,Manual,Used,4944,134.0,2012
50227,Peugeot,208,Petrol,Automatic,Used,11187,148.0,2019
65048,Ford,Fiesta,Diesel,Automatic,Used,8578,96.0,2017
59061,Volkswagen,Tiguan,Electric,Manual,Used,13258,126.0,2019
193914,Toyota,Yaris,Electric,Automatic,Used,4135,119.0,2011
85539,Mercedes-Benz,C-Class,Electric,Automatic,Used,16443,88.0,2015
132921,BMW,5 Series,Petrol,Manual,Used,8698,85.0,2013
115667,SEAT,Arona,Diesel,Automatic,Used,5524,105.0,2017
500,Mercedes-Benz,E-Class,Petrol,Manual,Used,21707,50.0,2020
198165,Toyota,RAV4,Diesel,Automatic,Demonstration,4820,62.0,2013
500,Opel,Astra,Diesel,Automatic,New,12204,119.0,2019
62912,Volkswagen,Passat,,Semi-automatic,Used,8241,73.0,2017
500,Hyundai,i20,Petrol,Automatic,Used,15952,115.0,2020
241577,Skoda,Superb,Diesel,Automatic,Used,2450,50.0,2011
500,Audi,A3,Petrol,Manual,Used,27048,151.0,2021
87471,Renault,Kadjar,Petrol,Manual,Used,6429,203.0,2015
107024,Skoda,Fabia,Petrol,Automatic,New,7301,169.0,2014
138346,Volkswagen,Golf,Diesel,Manual,New,6027,158.0,2013
3505,Peugeot,308,Hybrid,Automatic,Used,18677,158.0,2021
25349,Ford,Focus,Diesel,Manual,Used,12798,126.0,2020
26478,Renault,Clio,Petrol,Manual,Used,5594,110.0,2012
107001,Toyota,RAV4,Petrol,Manual,Used,6237,68.0,2015
45623,SEAT,Leon,Diesel,Automatic,Used,10880,159.0,2019
111350,Renault,Megane,Petrol,Manual,Demonstration,5814,139.0,2017
180817,Audi,Q5,Diesel,Manual,Demonstration,7441,86.0,2013
113430,Mercedes-Benz,C-Class,Electric,Semi-automatic,Used,14156,132.0,2014
133568,Ford,Fiesta,Diesel,Automatic,Used,5493,93.0,2015
81445,Toyota,Yaris,Hybrid,Automatic,Used,9036,95.0,2014
41857,Skoda,Fabia,Petrol,Manual,Demonstration,16597,150.0,2021
114963,Ford,Fiesta,Diesel,Manual,Used,4132,126.0,2013
18536,Peugeot,208,Petrol,Automatic,Used,9692,117.0,2018
8504,Toyota,Yaris,Diesel,Manual,Used,15742,99.0,2021
94017,Toyota,C-HR,Hybrid,Manual,Used,12195,121.0,2019
51335,Audi,A3,Petrol,Automatic,Used,19909,50.0,2019
202377,Renault,Kadjar,Petrol,Manual,Used,2454,72.0,2012
123794,SEAT,Arona,Diesel,Automatic,Used,4598,64.0,2012
81675,Opel,Corsa,Hybrid,Manual,Used,6235,114.0,2019
22174,Ford,Fiesta,Petrol,Manual,Used,11024,162.0,2019
52887,BMW,1 Series,Petrol,Manual,Used,17309,134.0,2019
112584,Audi,Q5,Diesel,Automatic,Used,11128,101.0,2015
113152,Skoda,Octavia,Diesel,Automatic,New,9769,93.0,2016
173776,Toyota,C-HR,Petrol,Automatic,Used,3750,86.0,2011
94129,Toyota,C-HR,Petrol,Manual,Used,5798,198.0,2014
120811,Mercedes-Benz,C-Class,Petrol,Automatic,Used,12814,128.0,2016
210608,Renault,Clio,Petrol,Automatic,Used,2622,130.0,2012
129567,BMW,X3,Petrol,Automatic,Used,6074,50.0,2012
100767,Renault,Clio,Petrol,Automatic,Used,3454,67.0,2011
152476,Ford,Kuga,Petrol,Automatic,Used,4459,120.0,2013
3409,Opel,Astra,Diesel,Automatic,Used,14900,108.0,2021
55411,Renault,Captur,Electric,Manual,Used,8544,118.0,2018
34466,Opel,Astra,Diesel,Automatic,Used,12192,135.0,2021
119026,Peugeot,208,Petrol,Manual,Used,3528,134.0,2013
65590,Skoda,Octavia,Electric,Semi-automatic,Used,8930,50.0,2017
26496,Hyundai,i20,Petrol,,Used,9785,64.0,2020
171441,SEAT,Ateca,Diesel,Manual,Used,4151,104.0,2014
61052,Audi,A3,Petrol,Manual,Used,16338,83.0,2018
16751,Peugeot,508,Diesel,Automatic,Used,9534,113.0,2018
500,Ford,Kuga,Diesel,Manual,Used,14494,119.0,2020
19873,Skoda,Fabia,Petrol,Automatic,Used,15420,96.0,2021
35470,BMW,1 Series,Petrol,Automatic,Used,17996,135.0,2017
20319,BMW,X3,Diesel,Manual,Used,17197,135.0,2017
52244,Skoda,Superb,Hybrid,Automatic,Used,12409,132.0,2020
83957,Mercedes-Benz,C-Class,Petrol,Automatic,Used,20759,159.0,2018
107115,Hyundai,Tucson,Electric,Automatic,Used,7706,50.0,2014
85278,Toyota,RAV4,Petrol,Manual,Used,10137,85.0,2017
81584,Renault,Kadjar,Electric,Automatic,Used,8301,166.0,2017
156085,Renault,Megane,Petrol,Manual,Demonstration,3272,68.0,2013
111166,SEAT,Ateca,Hybrid,Automatic,Used,6537,80.0,2016
500,Volkswagen,Polo,Petrol,Automatic,Used,15299,120.0,2017
21583,Ford,Focus,Diesel,Manual,Used,12529,113.0,2020
93127,Opel,Astra,Diesel,Manual,Used,5289,87.0,2017
135634,Toyota,C-HR,Petrol,Automatic,Used,5427,204.0,2012
16267,Mercedes-Benz,A-Class,Diesel,Manual,Used,24846,128.0,2021
101274,Opel,Corsa,Electric,Manual,Used,5789,70.0,2017
122832,Ford,Kuga,Diesel,Manual,Used,4784,50.0,2014
97777,BMW,3 Series,Electric,Automatic,Used,19649,146.0,2019
144445,BMW,3 Series,Petrol,Manual,Used,8531,67.0,2015
100850,Ford,Kuga,Petrol,Manual,Used,4257,206.0,2015
23068,Volkswagen,Passat,Hybrid,Semi-automatic,Used,15159,133.0,2020
500,Volkswagen,Tiguan,Diesel,Automatic,Used,17817,154.0,2020
78572,Ford,Mondeo,Petrol,Automatic,Used,6199,136.0,2016
57636,Mercedes-Benz,E-Class,Diesel,Automatic,Used,12396,174.0,2015
37743,Skoda,Kodiaq,Petrol,Manual,Used,11985,50.0,2020
155350,Volkswagen,Polo,Petrol,Manual,Demonstration,5065,52.0,2012
69355,Audi,Q5,Diesel,Manual,Used,15962,160.0,2019
123883,Opel,Astra,Diesel,Manual,Used,5145,179.0,2017
29081,Hyundai,i20,Petrol,Manual,Used,10953,58.0,2020
184815,SEAT,Ibiza,Diesel,Automatic,Used,3298,50.0,2015
38136,Toyota,C-HR,Petrol,Manual,Used,15683,122.0,2020
119142,Ford,Focus,Diesel,Manual,New,5179,127.0,2011
25327,Opel,Mokka,Hybrid,Automatic,Used,10705,135.0,2019
151954,Opel,Insignia,Hybrid,Manual,Used,3145,102.0,2011
80724,Toyota,Yaris,Electric,Automatic,Used,10149,50.0,2018
101846,Hyundai,Kona,Petrol,Manual,Used,5222,90.0,2013
4571,Hyundai,i20,Diesel,Automatic,Used,16981,120.0,2021
39364,Peugeot,208,Petrol,Manual,Used,9249,88.0,2019
134316,Skoda,Superb,Petrol,Manual,Demonstration,4778,50.0,2012
58400,Skoda,Fabia,Hybrid,Automatic,Used,13472,155.0,2020
157446,Hyundai,i30,Diesel,Manual,Used,4285,146.0,2013
115830,Audi,A3,Diesel,Manual,Used,10537,75.0,2017
153414,Ford,Kuga,Hybrid,Manual,Used,3712,97.0,2011
192088,Toyota,Yaris,Petrol,Manual,Used,3575,84.0,2012
87260,Ford,Focus,Diesel,Manual,Used,5127,85.0,2013
41407,Mercedes-Benz,A-Class,Petrol,Automatic,Used,19450,147.0,2016
47517,Skoda,Fabia,Diesel,Automatic,Used,11715,148.0,2016
30322,Audi,A6,Petrol,Automatic,Used,24234,177.0,2020
192083,Toyota,Yaris,Diesel,Automatic,Used,4237,168.0,2012
23925,Toyota,RAV4,Diesel,Manual,New,16129,105.0,2019
148316,Audi,Q5,Diesel,Automatic,Used,8238,248.0,2011
112439,Skoda,Fabia,Diesel,Manual,Used,5396,178.0,2014
170049,Hyundai,i30,Petrol,Manual,Used,4432,76.0,2012
133283,Renault,Captur,Diesel,Automatic,Used,2843,127.0,2012
56330,Mercedes-Benz,A-Class,Petrol,Automatic,Used,20673,50.0,2017
500,SEAT,Ibiza,Petrol,Manual,Used,14818,115.0,2020
39990,SEAT,Ateca,Petrol,Semi-automatic,Used,8625,187.0,2018
71211,SEAT,Ibiza,Petrol,Automatic,Used,14697,254.0,2020
78182,Volkswagen,Passat,Diesel,Manual,Used,8137,106.0,2017
139105,Audi,Q5,Diesel,Automatic,Used,6787,135.0,2011
163265,Toyota,RAV4,Petrol,Automatic,Used,4470,150.0,2014
9518,Mercedes-Benz,GLC,Electric,Automatic,Used,36514,218.0,2020
214698,Audi,A4,Hybrid,Automatic,Used,5490,76.0,2011
199126,Audi,Q5,Hybrid,Manual,Used,7390,225.0,2012
31960,Mercedes-Benz,GLC,Petrol,Automatic,Used,31832,115.0,2020
112551,BMW,1 Series,Electric,Manual,Demonstration,9242,52.0,2011
95133,Ford,Kuga,Petrol,Automatic,Used,7143,116.0,2021
58555,Toyota,RAV4,Petrol,Automatic,Demonstration,14506,92.0,2019
48664,Volkswagen,Passat,Hybrid,Automatic,Used,12862,146.0,2018
123464,Audi,Q5,Petrol,Manual,Used,12439,50.0,2016
189581,Volkswagen,Tiguan,Diesel,Manual,Demonstration,3870,111.0,2011
150883,Skoda,Fabia,Diesel,Automatic,Used,5056,154.0,2015
21818,Audi,A3,Diesel,Manual,Used,19407,180.0,2019
41147,Peugeot,208,Diesel,Manual,Used,11004,145.0,2020
63495,SEAT,Ibiza,Petrol,Manual,Used,6707,173.0,2015
53322,Peugeot,208,Petrol,Automatic,Demonstration,13179,102.0,2020
44197,SEAT,Ibiza,Diesel,Manual,Used,9996,131.0,2019
174835,Opel,Astra,Petrol,Automatic,Used,2916,50.0,2011
69878,Toyota,C-HR,Diesel,Manual,Used,7690,106.0,2017
66215,Opel,Astra,Petrol,Automatic,Used,5527,143.0,2017
59612,Hyundai,Tucson,Diesel,Manual,Used,8194,131.0,2016
72665,Hyundai,i30,Petrol,Manual,Used,8107,50.0,2019
82140,SEAT,Ibiza,Petrol,Manual,Used,9002,96.0,2020
55517,Renault,Captur,Petrol,Manual,Used,6114,100.0,2017
139374,Audi,Q5,Petrol,,Used,7734,104.0,2014
30126,Peugeot,508,Diesel,Automatic,Used,13483,163.0,2021
15283,Renault,Kadjar,Petrol,Automatic,Used,12404,120.0,2021
6569,Toyota,RAV4,Diesel,Automatic,Used,12303,131.0,2018
14444,Audi,A6,Petrol,,Used,23038,105.0,2018
122666,Peugeot,208,Petrol,Semi-automatic,Used,4241,154.0,2012
30135,Opel,Mokka,Petrol,Automatic,Used,6910,175.0,2015
184281,Mercedes-Benz,A-Class,Electric,Manual,Used,9588,93.0,2013
102870,Mercedes-Benz,E-Class,Diesel,Manual,Used,11781,238.0,2016
28951,Skoda,Fabia,Petrol,Automatic,Used,14500,95.0,2020
58342,Audi,A6,Diesel,Automatic,Used,12202,167.0,2013
500,BMW,3 Series,Petrol,Automatic,Used,25238,87.0,2021
149918,Opel,Mokka,Petrol,Manual,Used,3782,141.0,2012
218967,SEAT,Leon,Petrol,Automatic,Used,3020,152.0,2012
500,Audi,A3,Electric,Manual,Used,31447,69.0,2021
180233,Hyundai,i30,Petrol,Manual,Demonstration,3524,100.0,2012
28203,Peugeot,508,Diesel,Automatic,Used,9866,212.0,2019
46933,Skoda,Fabia,Hybrid,Automatic,Demonstration,12448,91.0,2019
162514,Hyundai,Tucson,Hybrid,Manual,Used,4324,126.0,2014
152892,Opel,Mokka,Petrol,Manual,Used,2588,120.0,2011
95846,BMW,3 Series,Diesel,Automatic,Used,9573,121.0,2014
214632,Volkswagen,Tiguan,Diesel,Manual,Used,3437,50.0,2011
61595,Hyundai,i30,Petrol,Manual,Demonstration,9024,149.0,2018
68192,Hyundai,Tucson,Hybrid,Automatic,Used,10645,130.0,2020
500,Renault,Clio,Petrol,Automatic,Used,11827,180.0,2021
94234,BMW,3 Series,Diesel,Manual,Demonstration,14609,123.0,2019
54577,Audi,Q5,Diesel,Automatic,Used,22179,131.0,2019
45218,Volkswagen,Tiguan,Petrol,Automatic,Used,15243,146.0,2020
49607,Volkswagen,Tiguan,Diesel,Manual,Used,12886,69.0,2019
42308,Mercedes-Benz,A-Class,Diesel,Manual,Used,22079,182.0,2018
14941,Skoda,Fabia,Diesel,Manual,New,19178,98.0,2021
104509,Volkswagen,Golf,Diesel,Manual,Used,7407,92.0,2014
138584,Hyundai,i30,Diesel,Automatic,Used,5003,182.0,2015
22893,Opel,Insignia,Petrol,Manual,Used,8733,125.0,2020
67622,Audi,A4,Diesel,Semi-automatic,Used,11760,97.0,2014
61220,Skoda,Fabia,Petrol,Manual,Used,6991,127.0,2014
89565,Peugeot,208,Petrol,Automatic,Used,4584,149.0,2012
141629,Audi,A4,Hybrid,Automatic,Used,11181,118.0,2014
34697,Volkswagen,Golf,Petrol,Automatic,Used,12310,168.0,2017
40503,Volkswagen,Golf,Petrol,Automatic,Used,14833,72.0,2020
154780,Toyota,Yaris,Petrol,Manual,Used,4963,118.0,2012
57735,BMW,X3,Petrol,Manual,Used,17315,148.0,2018
60344,SEAT,Leon,Petrol,Automatic,Used,10957,156.0,2019
35541,Ford,Focus,Petrol,,Used,9929,50.0,2020
500,Peugeot,3008,Petrol,Semi-automatic,Used,15682,107.0,2019
138673,Volkswagen,Golf,Petrol,Manual,Used,3615,51.0,2012
104879,Toyota,Yaris,Diesel,Manual,Used,7149,168.0,2016
72410,Renault,Clio,Diesel,Manual,Used,8471,97.0,2021
89026,Opel,Corsa,Diesel,Automatic,Used,10549,182.0,2020
27290,Mercedes-Benz,GLC,Diesel,Manual,Used,16314,56.0,2017
2760,Hyundai,i20,Petrol,Manual,Used,15234,133.0,2021
5186,Audi,A4,Petrol,Automatic,Used,20716,127.0,2018
218196,Opel,Astra,Diesel,Manual,New,2631,229.0,2011
50450,Ford,Fiesta,Diesel,Automatic,Used,14387,183.0,2021
162271,Mercedes-Benz,A-Class,Diesel,Manual,Used,6432,,2012
110813,Ford,Fiesta,Petrol,Automatic,Used,6585,215.0,2015
183322,BMW,X3,Diesel,Manual,Used,6852,120.0,2013
102396,Volkswagen,Tiguan,Diesel,Automatic,Used,11884,123.0,2018
205532,Audi,Q5,Diesel,Automatic,Used,4458,110.0,2011
75984,BMW,X3,Petrol,Manual,Used,15040,127.0,2018
17777,Ford,Kuga,Diesel,Manual,Used,11992,50.0,2020
71849,Toyota,C-HR,Petrol,Automatic,Used,11669,128.0,2019
148561,BMW,1 Series,Petrol,Automatic,Used,11224,133.0,2014
23328,Volkswagen,Polo,Hybrid,Manual,Used,16300,107.0,2020
107706,BMW,3 Series,Petrol,Automatic,Used,6698,54.0,2014
99666,Skoda,Octavia,Diesel,Manual,Used,7905,105.0,2018
148244,Audi,Q5,Diesel,Manual,New,12256,50.0,2016
138771,Opel,Insignia,Petrol,Manual,New,3947,185.0,2011
155782,Volkswagen,Polo,Diesel,Manual,Used,3602,93.0,2011
147283,Audi,A4,Electric,Manual,Used,7717,50.0,2013
32031,Ford,Fiesta,Petrol,Manual,New,22089,106.0,2021
500,Opel,Mokka,Diesel,Manual,Used,12743,155.0,2021
170923,Skoda,Superb,Diesel,Manual,Used,4595,117.0,2015
29773,Peugeot,508,Electric,Automatic,Used,19125,89.0,2021
183598,Opel,Corsa,Hybrid,Automatic,Used,2482,89.0,2011
76561,Toyota,Corolla,Electric,Manual,Used,17234,102.0,2021
119283,Skoda,Octavia,Diesel,Manual,Used,4093,87.0,2013
161905,Audi,Q5,Petrol,Automatic,Used,6636,63.0,2011
1134,Mercedes-Benz,A-Class,Diesel,Automatic,Used,22378,125.0,2019
98968,Audi,A6,Diesel,Automatic,Used,11754,64.0,2015
67888,SEAT,Leon,Petrol,Manual,Used,7605,151.0,2014
71175,Mercedes-Benz,E-Class,Hybrid,Manual,Used,21202,161.0,2019
134700,Toyota,C-HR,Petrol,Manual,Used,3893,63.0,2014
35303,Opel,Corsa,Petrol,Automatic,Used,9144,96.0,2019
131485,Toyota,RAV4,Diesel,Manual,Used,5298,88.0,2013
191651,Renault,Clio,Diesel,Manual,Used,2634,104.0,2011
80247,Ford,Fiesta,Diesel,Manual,Used,6969,120.0,2014
82146,Mercedes-Benz,GLC,Electric,Automatic,Used,23981,147.0,2017
159483,Renault,Clio,Diesel,Manual,Used,3223,127.0,2013
87620,Audi,A3,Petrol,Automatic,Used,9110,191.0,2012
68973,Mercedes-Benz,GLC,Diesel,Manual,Used,15846,116.0,2019
31408,Hyundai,i30,Petrol,Manual,Used,7395,51.0,2016
100884,Opel,Corsa,Diesel,Manual,Used,4753,50.0,2015
94281,Volkswagen,Passat,Diesel,Semi-automatic,Used,5385,181.0,2013
215094,Opel,Astra,Petrol,Manual,Demonstration,2096,128.0,2011
124501,Opel,Astra,Petrol,Manual,Used,3245,114.0,2011
2243,Toyota,Yaris,Hybrid,Automatic,Used,14996,147.0,2018
169667,Renault,Clio,Diesel,Manual,Used,2736,112.0,2011
120520,Mercedes-Benz,C-Class,Petrol,Manual,Used,8057,126.0,2013
500,BMW,X3,Electric,Manual,Used,35118,98.0,2021
138404,SEAT,Leon,Diesel,Automatic,Used,4476,170.0,2014
500,Volkswagen,Golf,Electric,Manual,New,19762,89.0,2019
83732,Audi,A3,Hybrid,Automatic,Used,13777,82.0,2014
500,BMW,5 Series,Petrol,Automatic,New,33671,54.0,2021
58078,Volkswagen,Tiguan,Petrol,Automatic,Used,13329,118.0,2020
135341,Hyundai,i30,Petrol,Manual,Used,5112,167.0,2016
98597,BMW,3 Series,Petrol,Automatic,Used,15511,106.0,2018
99635,Volkswagen,Golf,Petrol,Automatic,Used,7541,62.0,2015
500,Hyundai,i30,Hybrid,Automatic,Used,18597,143.0,2021
133680,Mercedes-Benz,C-Class,Diesel,Manual,Used,8309,79.0,2014
81470,Peugeot,508,Petrol,Automatic,Used,9466,199.0,2020
118183,Volkswagen,Tiguan,Petrol,Automatic,Used,9051,174.0,2017
76203,BMW,5 Series,Diesel,Automatic,Demonstration,20669,70.0,2018
78367,BMW,1 Series,Petrol,Manual,Used,10980,100.0,2014
11614,Renault,Megane,Petrol,Automatic,Used,10017,95.0,2020
112684,SEAT,Ibiza,Petrol,Automatic,Used,8106,76.0,2019
500,Opel,Mokka,Petrol,Automatic,Used,10535,125.0,2019
4826,Mercedes-Benz,GLC,Diesel,Automatic,Used,19943,165.0,2019
182989,BMW,5 Series,Electric,Automatic,Used,6179,117.0,2012
14909,Skoda,Superb,Petrol,Manual,Used,13417,91.0,2020
500,Mercedes-Benz,C-Class,Petrol,Manual,Used,25306,50.0,2020
188479,SEAT,Ateca,Diesel,Manual,Used,3132,77.0,2013
31137,Renault,Captur,Petrol,Automatic,Used,13194,155.0,2021
76637,Toyota,RAV4,Electric,Manual,Demonstration,10052,50.0,2016
79898,Opel,Insignia,Diesel,Automatic,Used,4375,181.0,2014
206659,Volkswagen,Passat,Diesel,Semi-automatic,Used,3376,81.0,2013
104144,Audi,A6,Petrol,Automatic,Used,10610,133.0,2015
213906,Toyota,C-HR,Petrol,Automatic,Used,3188,102.0,2011
91277,Skoda,Octavia,Electric,Automatic,Used,10058,74.0,2018
41768,SEAT,Leon,Petrol,Manual,Used,7075,132.0,2018
42047,Opel,Corsa,Hybrid,Manual,Used,5895,85.0,2018
125621,BMW,X3,Petrol,Automatic,Used,11977,89.0,2017
171188,Toyota,Yaris,Petrol,Automatic,Used,4118,50.0,2014
500,Peugeot,308,Petrol,Manual,Used,7912,171.0,2018
49242,Hyundai,Kona,Petrol,Manual,Used,11611,114.0,2020
160757,Toyota,Yaris,Diesel,Automatic,Used,4982,170.0,2011
68834,Audi,A6,Diesel,Manual,Used,12404,137.0,2015
24161,Audi,A6,Petrol,Automatic,Demonstration,31778,180.0,2021
500,Mercedes-Benz,E-Class,Petrol,Manual,Used,26857,89.0,2020
500,Hyundai,i20,Petrol,Automatic,Used,10669,68.0,2021
107053,Skoda,Octavia,Petrol,Manual,Used,5828,141.0,2013
72507,Opel,Corsa,Petrol,Automatic,Used,7118,131.0,2016
147498,Hyundai,i20,Diesel,Automatic,Used,4654,100.0,2012
500,SEAT,Ibiza,Petrol,Manual,Used,12836,147.0,2020
145061,Toyota,Yaris,Petrol,Manual,Used,5415,124.0,2016
152265,Hyundai,i20,Diesel,Automatic,Used,4908,151.0,2013
227810,Volkswagen,Tiguan,Petrol,Manual,Used,3018,59.0,2011
39397,Ford,Kuga,Petrol,Automatic,Used,13046,172.0,2019
25792,Renault,Clio,Petrol,Manual,Used,8692,113.0,2019
91545,Peugeot,3008,Petrol,Automatic,Demonstration,10410,178.0,2020
500,BMW,3 Series,Diesel,Manual,Used,24194,159.0,2021
38760,Audi,A4,Petrol,Automatic,Demonstration,24074,159.0,2019
70202,Skoda,Octavia,Petrol,Automatic,Used,10256,123.0,2019
1680,Peugeot,208,Petrol,Manual,Used,14203,145.0,2019
39895,BMW,3 Series,Diesel,Manual,Used,25154,165.0,2021
110417,SEAT,Leon,Electric,Automatic,Used,6160,152.0,2016
89426,Audi,A4,Diesel,Automatic,Used,17145,137.0,2019
61152,Mercedes-Benz,E-Class,Diesel,Semi-automatic,Demonstration,24593,146.0,2020
195499,Skoda,Superb,Petrol,Automatic,Used,3242,97.0,2012
56135,Ford,Kuga,Petrol,Automatic,New,12034,195.0,2018
89807,SEAT,Ateca,Petrol,Automatic,Used,5979,50.0,2014
223849,Audi,A6,Diesel,Automatic,Used,4732,123.0,2012
96566,Peugeot,3008,Petrol,Automatic,Used,4529,103.0,2012
100072,Volkswagen,Polo,Petrol,Manual,Used,4679,77.0,2012
49779,Toyota,Yaris,Electric,Automatic,New,22762,143.0,2020
101875,Volkswagen,Polo,Electric,Automatic,Used,14562,77.0,2019
156634,Renault,Clio,Petrol,Manual,Used,3396,203.0,2012
109976,Ford,Mondeo,Diesel,Manual,New,8692,50.0,2017
500,Ford,Fiesta,Diesel,Automatic,Used,11936,84.0,2018
72516,Volkswagen,Tiguan,Hybrid,Automatic,Used,10127,78.0,2016
9412,Renault,Kadjar,Petrol,Manual,Used,7742,120.0,2017
57314,BMW,5 Series,Petrol,Automatic,New,23761,175.0,2020
35847,SEAT,Arona,Electric,Automatic,Used,12079,149.0,2016
15276,Renault,Megane,Electric,Manual,Used,14341,178.0,2018
92991,Toyota,Yaris,Petrol,Automatic,Used,9399,89.0,2017
142164,Renault,Clio,Electric,Manual,Used,5550,139.0,2015
24436,Audi,A3,Diesel,Automatic,Demonstration,23074,115.0,2020
124956,Renault,Kadjar,Petrol,Manual,Used,4926,119.0,2015
63823,Peugeot,308,Hybrid,Automatic,Used,10994,178.0,2019
67460,Audi,A4,Diesel,Manual,Used,15319,50.0,2017
21685,BMW,5 Series,Diesel,Semi-automatic,Used,22745,202.0,2018
64771,Toyota,Corolla,Petrol,Automatic,Used,14232,121.0,2019
66458,BMW,1 Series,Petrol,Manual,Used,14211,50.0,2019
106291,SEAT,Arona,Diesel,Semi-automatic,Used,5443,80.0,2017
85922,Mercedes-Benz,C-Class,Diesel,Manual,Used,14644,116.0,2017
49103,BMW,X3,Diesel,Automatic,Used,13309,94.0,2016
144162,Peugeot,308,Diesel,Automatic,Used,3439,50.0,2014
59952,BMW,3 Series,Electric,Automatic,Used,25550,131.0,2018
13104,Renault,Kadjar,Petrol,Automatic,Used,9962,97.0,2020
49688,Renault,Clio,Petrol,Semi-automatic,Used,7983,141.0,2018
20841,Volkswagen,Golf,Diesel,Manual,Used,10757,65.0,2019
61110,Mercedes-Benz,C-Class,Diesel,Manual,Used,22232,216.0,2020
55366,Peugeot,308,Diesel,Manual,Used,7139,132.0,2015
130228,Skoda,Superb,Electric,Manual,Used,5803,114.0,2011
108493,BMW,5 Series,Hybrid,Automatic,Used,12941,151.0,2014
101481,Hyundai,i20,Diesel,Manual,Used,7543,50.0,2019
81900,Audi,A3,Hybrid,Automatic,Used,21970,106.0,2019
32571,Volkswagen,Tiguan,Diesel,Manual,Used,11345,190.0,2016
92297,Hyundai,Kona,Diesel,Manual,Used,7771,99.0,2019
212230,Volkswagen,Tiguan,Petrol,Automatic,Used,3515,117.0,2011
18910,Skoda,Superb,Diesel,Manual,Used,12415,91.0,2018
500,Hyundai,Tucson,Electric,Automatic,Used,13457,193.0,2018
87472,Skoda,Kodiaq,Diesel,Automatic,Used,6693,114.0,2016
99285,SEAT,Ateca,Petrol,Automatic,Used,7469,71.0,2018
145694,Ford,Fiesta,Diesel,Automatic,Used,5252,241.0,2016
59521,BMW,5 Series,Diesel,Semi-automatic,Used,11145,50.0,2016
136319,Skoda,Fabia,Petrol,Manual,Used,6071,107.0,2017
500,Toyota,Yaris,Hybrid,Automatic,Used,19154,90.0,2019
122118,BMW,3 Series,Petrol,Manual,New,12000,75.0,2013
105398,Toyota,RAV4,Petrol,Manual,Used,6184,60.0,2014
145332,Ford,Mondeo,Diesel,Automatic,Used,5248,100.0,2015
180441,Skoda,Octavia,Diesel,Automatic,Used,5233,166.0,2013
153398,BMW,3 Series,Diesel,Automatic,Used,7402,50.0,2014
72731,SEAT,Ibiza,Petrol,Automatic,Used,6718,180.0,2014
150192,Mercedes-Benz,GLC,Diesel,Automatic,Used,8740,172.0,2014
122816,Audi,A4,Diesel,Automatic,Used,9043,147.0,2015
31507,Renault,Megane,Petrol,Manual,Used,8162,116.0,2016
500,Volkswagen,Golf,Petrol,Manual,Used,13448,124.0,2018
156330,Opel,Mokka,Diesel,Automatic,Used,4152,187.0,2014
23697,SEAT,Leon,Diesel,Automatic,Used,11792,50.0,2020
45019,BMW,1 Series,Petrol,Manual,Used,17098,143.0,2016
52714,Audi,A6,Petrol,Manual,Used,14609,78.0,2018
162741,Ford,Focus,Diesel,Manual,Used,4104,143.0,2012
147100,SEAT,Arona,Petrol,Automatic,Used,4208,93.0,2012
50680,Hyundai,Tucson,Diesel,Manual,Used,5614,141.0,2015
170994,Toyota,RAV4,Electric,Manual,Used,5878,50.0,2015
125148,Mercedes-Benz,C-Class,Hybrid,Manual,Used,13443,50.0,2016
138262,Volkswagen,Tiguan,Diesel,Manual,Used,5557,101.0,2012
79672,Volkswagen,Tiguan,Petrol,Manual,Used,9529,175.0,2016
72582,SEAT,Leon,Diesel,Automatic,Used,8569,151.0,2018
5463,BMW,3 Series,Petrol,Manual,Used,19918,137.0,2019
146294,Mercedes-Benz,GLC,Petrol,,Used,8688,146.0,2013
73424,Toyota,C-HR,Petrol,Automatic,Used,7073,105.0,2014
87531,Toyota,RAV4,Diesel,Automatic,Used,8217,152.0,2016
49100,Toyota,RAV4,Diesel,Manual,Used,8840,84.0,2016
5867,Audi,A3,Petrol,Manual,Demonstration,27620,99.0,2019
162600,SEAT,Ibiza,Petrol,Automatic,Used,5683,115.0,2015
62073,SEAT,Arona,Petrol,Semi-automatic,Used,9515,87.0,2018
37259,Mercedes-Benz,E-Class,Petrol,Manual,Used,22686,111.0,2020
49602,Skoda,Fabia,Petrol,Automatic,Used,6748,112.0,2014
9105,Skoda,Superb,Petrol,Manual,Used,14868,82.0,2020
136142,Ford,Focus,Electric,Manual,Demonstration,7966,102.0,2014
126795,Peugeot,208,Petrol,Manual,Used,4720,115.0,2014
500,Renault,Clio,Electric,Automatic,Used,13039,78.0,2018
82250,Skoda,Fabia,Hybrid,Manual,Used,8584,130.0,2017
87830,Renault,Megane,Diesel,Manual,Used,6284,89.0,2017
179932,Peugeot,208,Petrol,Manual,Used,3533,116.0,2013
127067,Skoda,Fabia,Petrol,Manual,Demonstration,4889,76.0,2012
500,Audi,A4,Diesel,Manual,Used,25623,161.0,2020
500,Peugeot,3008,Petrol,Automatic,Demonstration,13462,172.0,2020
500,Renault,Captur,Diesel,Automatic,Used,15487,82.0,2020
115785,Hyundai,Kona,Petrol,Manual,Used,5278,134.0,2016
500,BMW,1 Series,Diesel,Manual,Used,22748,179.0,2020
74308,Opel,Corsa,Petrol,Automatic,Used,6053,82.0,2016
214903,Hyundai,Kona,Petrol,Manual,Used,2375,66.0,2011
135252,Skoda,Superb,Petrol,Manual,Used,5254,140.0,2013
166371,Hyundai,i20,Diesel,Automatic,Used,4208,63.0,2013
47537,Volkswagen,Polo,Petrol,Automatic,Used,7851,89.0,2015
500,Volkswagen,Passat,Diesel,Manual,Used,15739,69.0,2021
170303,Peugeot,508,Diesel,Manual,New,4328,142.0,2014
78543,Ford,Fiesta,Diesel,Manual,Used,8181,80.0,2017
138615,Skoda,Octavia,Electric,Manual,Used,6009,94.0,2013
20865,Opel,Astra,Diesel,Automatic,Used,8467,93.0,2018
78527,Ford,Focus,Petrol,Automatic,Used,8718,178.0,2017
109892,Hyundai,Tucson,,Manual,Used,4546,67.0,2012
131540,BMW,X3,Diesel,Manual,Used,8830,50.0,2016
245474,Peugeot,308,Electric,Manual,Used,2232,50.0,2012
46938,Toyota,RAV4,Diesel,Manual,Used,13690,145.0,2020
37777,SEAT,Arona,Diesel,Automatic,Used,10652,161.0,2018
500,Ford,Mondeo,Diesel,Manual,Used,13681,171.0,2021
500,BMW,3 Series,Petrol,Automatic,Used,26614,72.0,2020
189420,Renault,Captur,Hybrid,Automatic,Used,3826,112.0,2013
23978,Opel,Mokka,Petrol,Automatic,Used,8464,236.0,2018
137021,BMW,1 Series,Petrol,Automatic,Used,7163,107.0,2012
37936,Ford,Fiesta,Diesel,Automatic,Used,14258,105.0,2021
96880,Hyundai,i30,Hybrid,Semi-automatic,Used,9091,112.0,2019
53014,Audi,Q5,Petrol,Manual,Used,14437,136.0,2018
837,Mercedes-Benz,C-Class,Diesel,Manual,Used,27722,138.0,2021
32507,Renault,Captur,Hybrid,Manual,New,13951,86.0,2020
8033,Mercedes-Benz,C-Class,Diesel,Automatic,New,35670,103.0,2020
129916,Hyundai,Kona,Diesel,Automatic,Used,4063,108.0,2012
179416,Toyota,Yaris,Diesel,Manual,Used,4063,72.0,2011
21485,Hyundai,i20,Diesel,Automatic,Demonstration,14842,74.0,2021
209606,Toyota,Corolla,Petrol,Automatic,Used,3300,203.0,2013
120360,Mercedes-Benz,C-Class,Petrol,Automatic,Used,11189,106.0,2015
205290,Mercedes-Benz,E-Class,Hybrid,Manual,Used,6981,89.0,2011
37505,Ford,Fiesta,Diesel,Manual,New,11882,97.0,2017
48381,Opel,Corsa,Petrol,Manual,Used,8475,110.0,2020
4696,Toyota,RAV4,Petrol,Manual,Used,15337,134.0,2020
88841,Renault,Captur,Petrol,Automatic,Used,6895,105.0,2017
84098,SEAT,Arona,Petrol,Manual,Used,7855,163.0,2018
91745,Toyota,Corolla,Petrol,Manual,Used,6464,137.0,2016
189256,SEAT,Ateca,Petrol,Manual,Used,3586,100.0,2015
124979,Ford,Kuga,Electric,Automatic,Used,8393,96.0,2017
56204,Ford,Focus,Diesel,Manual,Used,13028,164.0,2021
161750,Skoda,Superb,Petrol,Semi-automatic,Used,3788,100.0,2013
151718,BMW,1 Series,Petrol,Manual,Used,8621,,2016
24706,Renault,Megane,Diesel,Automatic,Used,8872,172.0,2017
122960,SEAT,Ibiza,Diesel,Manual,Used,5438,78.0,2017
130306,Renault,Megane,Hybrid,Manual,Used,3497,144.0,2011
100248,Skoda,Fabia,Diesel,Semi-automatic,Used,5831,50.0,2014
79649,Peugeot,3008,Diesel,Automatic,Used,6525,110.0,2018
103163,Hyundai,Kona,Petrol,Automatic,Demonstration,9377,179.0,2018
4625,Skoda,Superb,Diesel,Automatic,New,16563,128.0,2019
500,Opel,Astra,Diesel,Manual,Used,10601,142.0,2021
63414,BMW,5 Series,Diesel,Automatic,Used,15293,86.0,2018
68477,Peugeot,3008,Diesel,Manual,Used,8136,127.0,2017
149891,Toyota,Corolla,Diesel,Automatic,Used,4361,123.0,2014
225257,Renault,Captur,Petrol,Automatic,Used,2971,135.0,2015
44676,Toyota,RAV4,Diesel,Automatic,Used,15117,221.0,2020
64268,Toyota,Corolla,Diesel,Automatic,Used,11061,184.0,2016
14622,Peugeot,3008,Petrol,Automatic,New,17248,163.0,2018
138616,Skoda,Fabia,Diesel,Automatic,Used,4316,157.0,2012
117091,BMW,3 Series,Petrol,Manual,New,10651,65.0,2012
151364,Volkswagen,Polo,Diesel,Automatic,Demonstration,5619,101.0,2013
150821,Mercedes-Benz,E-Class,Diesel,Automatic,Used,7814,53.0,2013
58789,Opel,Astra,Diesel,Manual,Used,6579,54.0,2017
129473,Renault,Kadjar,Diesel,Automatic,Used,4733,87.0,2018
49259,Opel,Insignia,Electric,Manual,New,11866,110.0,2017
115820,Volkswagen,Golf,Hybrid,Automatic,Used,7383,68.0,2014
97371,Mercedes-Benz,GLC,Electric,Automatic,Used,16788,124.0,2017
181222,Hyundai,Kona,Diesel,Manual,Used,3295,99.0,2012
134715,Hyundai,i20,Petrol,Manual,Used,4099,59.0,2016
164997,Ford,Focus,Petrol,Automatic,Used,3950,190.0,2012
201782,Peugeot,308,Diesel,Manual,Used,2644,50.0,2011
126721,Renault,Captur,Hybrid,Semi-automatic,Demonstration,4298,156.0,2012
182133,Hyundai,Tucson,Petrol,Manual,Used,2649,50.0,2012
121666,Toyota,Corolla,Diesel,Manual,Demonstration,6325,104.0,2016
127951,SEAT,Ateca,Hybrid,Manual,Used,6781,57.0,2017
16605,Ford,Focus,Diesel,Automatic,New,15584,97.0,2017
73249,SEAT,Ateca,Petrol,Automatic,Used,7166,205.0,2015
178810,Audi,Q5,Diesel,Automatic,Used,6016,105.0,2012
72202,Ford,Kuga,Diesel,Semi-automatic,Used,3477,55.0,2011
77220,SEAT,Leon,Hybrid,Automatic,Used,10017,149.0,2018
52093,Skoda,Fabia,Petrol,Manual,Used,11636,99.0,2021
99827,Skoda,Kodiaq,Diesel,Manual,Used,5361,115.0,2014
119943,Ford,Focus,Petrol,Automatic,Used,5672,81.0,2013
82405,Ford,Fiesta,Electric,Manual,Used,5674,69.0,2014
116746,Volkswagen,Golf,Electric,Automatic,Used,5941,87.0,2013
117760,SEAT,Arona,Hybrid,Automatic,Demonstration,6313,158.0,2013
66101,Skoda,Fabia,Electric,Automatic,Used,10241,115.0,2016
19181,Hyundai,Kona,Petrol,Automatic,Used,10913,81.0,2019
50515,Skoda,Superb,Diesel,Semi-automatic,Used,10367,119.0,2018
5091,Opel,Insignia,Electric,Automatic,Used,16594,134.0,2021
185595,Volkswagen,Passat,Diesel,Automatic,Used,4378,149.0,2014
76204,Mercedes-Benz,C-Class,Diesel,Manual,Used,12529,88.0,2016
117045,Ford,Kuga,Petrol,Manual,Used,5508,106.0,2015
144809,Ford,Kuga,Diesel,Manual,Used,3587,124.0,2011
84364,Ford,Mondeo,Petrol,Automatic,Used,6900,79.0,2015
75347,Ford,Kuga,Electric,Automatic,Used,7216,162.0,2013
35002,Peugeot,508,Petrol,Automatic,Used,8145,126.0,2016
107755,BMW,1 Series,Petrol,Manual,Used,8525,56.0,2012
51429,Audi,A6,Diesel,Automatic,Used,19362,78.0,2019
67666,BMW,5 Series,Petrol,Manual,Used,18344,110.0,2020
500,Audi,A3,Diesel,Automatic,Used,27964,105.0,2021
145782,Renault,Megane,Diesel,Manual,Used,2731,139.0,2011
102159,Volkswagen,Tiguan,Petrol,Automatic,Used,5104,108.0,2012
5750,Ford,Focus,Petrol,Automatic,Used,15225,144.0,2021
67652,Volkswagen,Polo,Diesel,Manual,Used,12734,76.0,2020
59359,Hyundai,Tucson,Diesel,Manual,Used,7148,110.0,2017
118337,Renault,Clio,Diesel,Manual,Used,4313,167.0,2014
140933,Mercedes-Benz,GLC,Petrol,Manual,Used,10172,103.0,2016
106027,Mercedes-Benz,A-Class,Diesel,Manual,Used,14419,85.0,2016
3397,BMW,3 Series,Petrol,Manual,Used,25718,75.0,2020
95562,Opel,Astra,Electric,Manual,Demonstration,8129,109.0,2016
136036,Peugeot,3008,Petrol,Manual,Used,3620,168.0,2011
74717,SEAT,Arona,Diesel,Automatic,Used,7838,66.0,2018
63037,Toyota,C-HR,Petrol,Manual,Used,13144,111.0,2019
72149,Ford,Mondeo,Diesel,Manual,Used,5930,50.0,2014
156130,Audi,A3,Diesel,Automatic,Used,6954,103.0,2012
145885,Opel,Insignia,Petrol,Manual,Used,2594,118.0,2012
49064,Mercedes-Benz,C-Class,Diesel,Automatic,Demonstration,23448,58.0,2020
134097,Hyundai,i20,Diesel,Automatic,Used,4113,104.0,2015
106711,Mercedes-Benz,A-Class,Electric,Automatic,Used,16205,138.0,2016
4388,Opel,Corsa,Petrol,Automatic,Used,11759,136.0,2021
197667,Skoda,Superb,Electric,Automatic,Used,3919,135.0,2011
104443,Volkswagen,Tiguan,Electric,Automatic,Used,6475,78.0,2013
500,Opel,Astra,Diesel,Automatic,Used,12842,142.0,2020
500,Opel,Insignia,Petrol,Manual,Used,8164,83.0,2016
162545,Audi,Q5,Diesel,Automatic,Used,7787,152.0,2011
31246,BMW,5 Series,Petrol,Automatic,Used,22185,50.0,2018
163921,Volkswagen,Passat,Diesel,Automatic,Used,4529,108.0,2012
500,Volkswagen,Polo,Diesel,Manual,Used,16979,117.0,2019
22349,Opel,Mokka,Diesel,Manual,Used,9880,174.0,2019
46459,BMW,3 Series,Petrol,Manual,Used,19360,118.0,2020
53956,Hyundai,Kona,Diesel,Manual,Used,7308,118.0,2016
149324,Mercedes-Benz,GLC,Petrol,Automatic,Used,9122,139.0,2013
10504,SEAT,Arona,Electric,Manual,Demonstration,28214,170.0,2020
73852,Renault,Megane,Petrol,Manual,Used,7318,94.0,2017
95831,Opel,Insignia,Diesel,Manual,Used,5604,50.0,2017
183348,Toyota,Corolla,Diesel,Automatic,Used,4042,50.0,2012
78237,BMW,5 Series,Electric,Automatic,New,27547,156.0,2017
46510,Mercedes-Benz,GLC,Petrol,Automatic,Demonstration,20198,136.0,2017
103969,Audi,A6,Diesel,Automatic,Used,11299,111.0,2014
67293,BMW,X3,Hybrid,Semi-automatic,Used,18469,87.0,2019
114256,Audi,A3,Diesel,Manual,Used,6955,114.0,2012
53768,Audi,Q5,Petrol,Manual,Used,18030,121.0,2018
1494,Peugeot,3008,Diesel,Automatic,Used,15042,152.0,2021
71382,Audi,Q5,Diesel,Automatic,Used,14665,76.0,2017
114675,Toyota,Yaris,Diesel,Manual,New,6717,,2012
10182,Peugeot,3008,Petrol,Semi-automatic,Used,9538,70.0,2017
108226,Toyota,RAV4,Diesel,Manual,Used,6881,50.0,2016
108745,BMW,X3,Petrol,Automatic,Used,11755,63.0,2017
72274,Hyundai,i20,Petrol,Automatic,Used,5546,193.0,2013
87912,SEAT,Leon,Electric,Manual,Used,8436,50.0,2017
172911,Hyundai,i30,Diesel,Automatic,Used,4560,143.0,2013
95857,Ford,Kuga,Petrol,Automatic,New,10339,167.0,2017
60417,Hyundai,i20,Diesel,Automatic,Used,9189,170.0,2017
26978,SEAT,Leon,Petrol,Automatic,Used,10369,139.0,2018
47834,Volkswagen,Passat,Diesel,Manual,Used,12269,172.0,2019
38672,Ford,Focus,Petrol,Manual,Used,11044,194.0,2020
48353,BMW,1 Series,Diesel,Manual,Used,18564,99.0,2019
38695,Hyundai,Tucson,Petrol,Manual,Used,9856,133.0,2019
500,Audi,A3,Diesel,Manual,Used,30118,171.0,2020
149794,Mercedes-Benz,C-Class,Diesel,Automatic,Used,8018,83.0,2013
136480,Skoda,Kodiaq,Petrol,Manual,Used,4889,97.0,2014
97029,Opel,Corsa,Diesel,Automatic,Used,5341,97.0,2016
93885,BMW,1 Series,Petrol,Manual,Used,12567,131.0,2016
118774,Peugeot,308,Petrol,Manual,New,9286,50.0,2018
143147,Toyota,Corolla,Petrol,Automatic,Used,3999,185.0,2011
194850,Renault,Megane,Petrol,Semi-automatic,Demonstration,3010,130.0,2012
19309,SEAT,Ateca,Petrol,Automatic,New,13439,155.0,2019
68813,Ford,Focus,Electric,Manual,Used,14423,50.0,2020
163168,Skoda,Fabia,Diesel,Automatic,Used,4531,76.0,2014
109743,Skoda,Fabia,Petrol,Manual,Used,4764,175.0,2014
133134,BMW,3 Series,Petrol,Automatic,Used,9893,118.0,2017
106416,Volkswagen,Polo,Diesel,Automatic,Used,8349,50.0,2016
119295,Audi,A6,Diesel,Manual,Used,6212,116.0,2012
76905,Opel,Insignia,Diesel,Automatic,Used,6398,156.0,2016
69647,BMW,3 Series,Petrol,Automatic,Used,19095,153.0,2020
77307,BMW,1 Series,Diesel,Manual,Used,15959,106.0,2019
7969,Toyota,C-HR,Petrol,Manual,Used,13540,164.0,2019
55126,Ford,Kuga,Petrol,Automatic,Used,8518,95.0,2018
37123,SEAT,Arona,Petrol,Manual,Used,10880,138.0,2020
117234,Skoda,Fabia,Diesel,Manual,Used,5288,113.0,2013
247523,Renault,Kadjar,Petrol,Manual,Used,1810,99.0,2011
158178,Renault,Captur,Petrol,Semi-automatic,Used,3091,89.0,2012
12837,Audi,A6,Diesel,Manual,Used,24948,100.0,2021
101680,Toyota,Yaris,Diesel,Semi-automatic,New,12800,113.0,2018
122218,Ford,Kuga,Diesel,Automatic,Used,5042,109.0,2013
65260,Toyota,C-HR,Hybrid,Manual,Used,13074,147.0,2020
61629,Ford,Mondeo,Diesel,Manual,Used,5522,84.0,2014
59122,BMW,5 Series,Diesel,Automatic,Used,18725,197.0,2017
171717,Peugeot,208,Diesel,Manual,Used,2825,,2013
204957,Volkswagen,Passat,Diesel,Manual,Used,3853,147.0,2012
107935,Peugeot,208,Diesel,Manual,Used,4307,150.0,2013
103856,Volkswagen,Golf,Petrol,Automatic,Used,5960,129.0,2013
94861,Mercedes-Benz,A-Class,Petrol,Automatic,Used,15595,129.0,2017
143194,SEAT,Arona,Petrol,Manual,Used,3837,72.0,2011
125600,Hyundai,i30,Diesel,Manual,Used,4559,84.0,2013
105674,Ford,Fiesta,Petrol,Manual,Used,6986,121.0,2017
85956,BMW,5 Series,Petrol,Automatic,New,19400,122.0,2015
6210,Mercedes-Benz,E-Class,Petrol,Manual,Used,16578,164.0,2017
14462,Toyota,Yaris,Electric,Semi-automatic,Used,13879,92.0,2018
15348,Renault,Captur,Diesel,Automatic,Used,11669,112.0,2021
500,BMW,X3,Petrol,Manual,Used,27515,50.0,2020
124599,Ford,Fiesta,Petrol,Automatic,Used,5453,151.0,2013
11277,Audi,A4,Diesel,Automatic,Used,17504,152.0,2018
132398,Mercedes-Benz,GLC,Petrol,Automatic,Used,12369,170.0,2017
150780,Toyota,Yaris,Diesel,Manual,Demonstration,6431,158.0,2017
7963,SEAT,Ibiza,Diesel,Automatic,Used,12875,164.0,2019
158987,Mercedes-Benz,C-Class,Petrol,Manual,Used,7837,143.0,2012
71386,SEAT,Arona,Petrol,Automatic,Used,7827,151.0,2015
34174,Ford,Fiesta,Electric,Manual,Used,14780,147.0,2019
93121,Volkswagen,Golf,Electric,Manual,Used,12943,50.0,2020
148666,Opel,Mokka,Diesel,Semi-automatic,Used,2604,56.0,2011
79989,Mercedes-Benz,C-Class,Petrol,Manual,Used,13996,53.0,2016
102011,Mercedes-Benz,E-Class,Hybrid,Manual,Used,14221,164.0,2013
190117,Toyota,Yaris,Diesel,Automatic,Used,3272,,2012
50786,Renault,Captur,Petrol,Manual,Used,4990,77.0,2011
74502,BMW,X3,Electric,Automatic,Used,18137,125.0,2016
58394,Toyota,C-HR,Diesel,Automatic,Used,11946,71.0,2018
66862,Skoda,Fabia,Electric,Manual,Used,10411,127.0,2016
135224,Toyota,Corolla,Petrol,Automatic,Used,7039,50.0,2015
87071,Renault,Kadjar,Electric,Semi-automatic,Demonstration,10466,60.0,2019
10579,Ford,Mondeo,Petrol,Automatic,Used,10996,136.0,2018
103272,Skoda,Octavia,Petrol,Automatic,New,13931,73.0,2020
70186,Skoda,Superb,Petrol,Automatic,Used,8272,181.0,2014
180102,Renault,Kadjar,Diesel,Automatic,Used,3179,124.0,2013
95244,Mercedes-Benz,A-Class,Petrol,Manual,Used,9856,161.0,2016
72370,Audi,A6,Electric,Automatic,Used,18061,141.0,2016
75672,Mercedes-Benz,C-Class,Hybrid,Manual,Used,15551,109.0,2016
28827,Audi,A3,Hybrid,Manual,Used,24044,69.0,2020
172295,BMW,3 Series,Petrol,Manual,New,7285,147.0,2011
57795,Volkswagen,Golf,,Automatic,Used,11564,145.0,2016
96812,Hyundai,Kona,Petrol,Manual,Used,4407,203.0,2015
108026,Volkswagen,Passat,Petrol,Manual,Used,5980,144.0,2013
17473,Toyota,C-HR,Petrol,Manual,Demonstration,14039,94.0,2018
16394,Volkswagen,Polo,Diesel,Manual,Used,17825,126.0,2019
34751,Peugeot,508,Diesel,Semi-automatic,Used,8049,130.0,2017
150295,Audi,A3,Petrol,Manual,Used,6795,157.0,2011
180137,Skoda,Kodiaq,Diesel,Manual,Used,3380,164.0,2011
109225,Audi,A3,Diesel,Semi-automatic,Used,10458,102.0,2015
129102,Opel,Astra,Diesel,Manual,Used,6283,57.0,2018
42634,Opel,Astra,Petrol,Manual,New,6159,50.0,2014
136427,Skoda,Kodiaq,Hybrid,Automatic,Used,5272,72.0,2014
30225,Ford,Fiesta,Petrol,Automatic,Used,13861,102.0,2020
193548,Skoda,Fabia,Hybrid,Manual,Used,3658,173.0,2011
190076,Peugeot,308,Electric,Automatic,Used,3459,188.0,2011
144225,Opel,Mokka,Diesel,Automatic,Used,3319,164.0,2012
21043,Ford,Fiesta,Diesel,Automatic,New,22833,185.0,2021
63958,BMW,3 Series,Diesel,Manual,Used,13880,78.0,2016
171479,Ford,Fiesta,Diesel,Automatic,Used,3153,53.0,2012
54239,BMW,5 Series,Petrol,Automatic,Used,12563,78.0,2014
42189,Mercedes-Benz,A-Class,Diesel,Automatic,Demonstration,27271,50.0,2021
59189,Hyundai,Kona,Electric,Automatic,Used,12199,77.0,2018
117953,BMW,3 Series,Petrol,Automatic,Used,8400,99.0,2013
126861,Opel,Mokka,Diesel,Automatic,Used,3271,130.0,2013
159428,Toyota,Yaris,Hybrid,Manual,Used,4629,111.0,2011
90406,Hyundai,Tucson,Hybrid,Manual,Used,9748,82.0,2019
263172,BMW,5 Series,Petrol,Automatic,Used,5304,147.0,2012
162695,BMW,5 Series,,Manual,Used,6175,78.0,2014
100214,Ford,Fiesta,Hybrid,Automatic,Used,6429,123.0,2014
97042,Skoda,Fabia,Petrol,Automatic,Used,7588,76.0,2017
98567,Hyundai,Kona,Electric,Automatic,Used,9193,175.0,2017
12619,Mercedes-Benz,GLC,Diesel,Manual,Used,18839,114.0,2019
75872,BMW,1 Series,Petrol,Automatic,Used,10279,154.0,2014
102785,Audi,A4,Petrol,Automatic,Used,11348,69.0,2015
133270,Toyota,RAV4,Diesel,Manual,Used,5657,117.0,2015
108587,Volkswagen,Polo,Diesel,Automatic,Used,4760,146.0,2011
19769,Ford,Mondeo,Diesel,Manual,New,17512,50.0,2019
110043,BMW,X3,Diesel,Automatic,Used,15829,178.0,2016
91460,BMW,5 Series,Diesel,Manual,Used,11412,54.0,2016
64570,Hyundai,i30,Diesel,Automatic,Demonstration,10929,139.0,2021
100602,Volkswagen,Polo,Petrol,Manual,Used,6042,186.0,2012
97326,Audi,A6,Petrol,Manual,Demonstration,15812,158.0,2021
6170,Toyota,RAV4,Petrol,Manual,Used,10522,50.0,2018
63979,SEAT,Leon,Diesel,Manual,Used,5818,99.0,2013
57938,Volkswagen,Tiguan,Petrol,Automatic,Used,10122,183.0,2018
5294,Opel,Mokka,Diesel,Automatic,Demonstration,11104,91.0,2019
118644,Hyundai,i30,Diesel,Manual,Used,3930,92.0,2014
117420,Ford,Mondeo,Petrol,Manual,Used,5001,91.0,2014
23148,Skoda,Octavia,Electric,Automatic,Used,21061,155.0,2020
120516,Skoda,Kodiaq,Hybrid,Manual,Used,4442,50.0,2012
180143,SEAT,Leon,Petrol,Manual,Used,2946,133.0,2011
48893,Mercedes-Benz,A-Class,Petrol,Manual,Used,16111,84.0,2018
68628,Toyota,Corolla,Petrol,Automatic,Used,11722,128.0,2020
83687,Hyundai,i30,Petrol,Semi-automatic,Used,5936,100.0,2016
116237,BMW,5 Series,Diesel,Manual,Used,8550,133.0,2012
30930,Peugeot,3008,Diesel,Semi-automatic,Used,6155,109.0,2016
128976,Peugeot,208,Hybrid,Automatic,Used,4596,187.0,2013
500,Renault,Kadjar,Hybrid,Semi-automatic,Used,13839,159.0,2020
27751,Ford,Mondeo,Diesel,Automatic,Used,10942,90.0,2017
138461,Opel,Insignia,Diesel,Automatic,Demonstration,4859,184.0,2014
12782,Toyota,RAV4,Diesel,Automatic,Used,12587,140.0,2017
109427,BMW,X3,Petrol,,Used,13238,135.0,2018
65590,Peugeot,208,Diesel,Manual,Used,8699,150.0,2018
103466,Hyundai,Tucson,Petrol,Automatic,Used,5208,77.0,2015
38783,Renault,Clio,Diesel,Automatic,Used,6915,64.0,2017
191753,Ford,Kuga,Diesel,Manual,Used,3318,106.0,2011
104898,Skoda,Fabia,Diesel,Manual,Used,6299,82.0,2015
80987,Volkswagen,Passat,Petrol,Manual,Used,8553,202.0,2015
96994,Hyundai,Kona,Diesel,Manual,Used,6569,76.0,2016
500,Ford,Focus,Petrol,Manual,Used,14767,117.0,2021
500,Volkswagen,Passat,Petrol,Manual,Used,14906,124.0,2021
50793,Peugeot,308,Petrol,Manual,Used,7313,165.0,2016
72233,SEAT,Leon,Diesel,Automatic,Demonstration,9584,82.0,2018
149886,SEAT,Ateca,Petrol,Manual,Used,3079,50.0,2012
126714,Volkswagen,Tiguan,Diesel,Manual,Used,6262,173.0,2016
27800,Peugeot,208,Petrol,Manual,Used,8896,116.0,2018
80113,SEAT,Arona,Petrol,Manual,Used,6871,148.0,2018
11015,Peugeot,508,Electric,Manual,Used,15999,154.0,2021
56993,Peugeot,3008,Hybrid,Semi-automatic,Used,7456,156.0,2016
43486,Mercedes-Benz,A-Class,Petrol,Manual,Used,21545,97.0,2020
12690,Mercedes-Benz,E-Class,Electric,Manual,New,48618,86.0,2021
52981,Hyundai,i20,Diesel,Automatic,Used,8956,50.0,2017
151470,Skoda,Superb,Petrol,Automatic,Used,3719,76.0,2012
100466,Opel,Mokka,Diesel,Manual,Used,5206,112.0,2015
39621,Audi,A3,Diesel,Manual,Used,18619,81.0,2019
60559,SEAT,Ateca,Petrol,Automatic,Used,9958,75.0,2017
500,Peugeot,3008,Petrol,Manual,Used,12036,117.0,2021
47617,Volkswagen,Tiguan,Petrol,Manual,Used,10425,173.0,2019
136905,Skoda,Fabia,Electric,Semi-automatic,Used,5373,102.0,2011
500,Hyundai,i30,Petrol,Semi-automatic,Used,13401,63.0,2020
111576,Audi,A4,Electric,Automatic,Used,15426,180.0,2014
55691,Audi,Q5,Electric,Manual,Used,25810,79.0,2020
96496,Toyota,C-HR,Petrol,Automatic,Used,10925,192.0,2016
71410,Volkswagen,Polo,Diesel,Semi-automatic,Used,8407,98.0,2016
145003,Ford,Mondeo,Petrol,Automatic,Used,4195,125.0,2011
172253,Opel,Insignia,Petrol,Manual,Used,2655,176.0,2012
500,Peugeot,308,Hybrid,Manual,Used,10405,50.0,2017
102908,BMW,3 Series,Diesel,Manual,Used,12994,64.0,2017
9409,Opel,Insignia,Diesel,Automatic,Used,9514,111.0,2017
100461,BMW,X3,Diesel,Manual,Used,8908,100.0,2012
72001,Peugeot,508,Diesel,Manual,Used,4151,229.0,2016
240954,SEAT,Ateca,Petrol,Manual,Demonstration,2423,65.0,2011
208710,Opel,Astra,Diesel,Manual,Used,2070,50.0,2012
114727,Ford,Kuga,Diesel,Automatic,Used,5990,83.0,2016
87479,BMW,X3,Petrol,Manual,Used,12903,121.0,2017
500,Hyundai,i30,Diesel,Manual,Used,12653,134.0,2018
20487,SEAT,Leon,Diesel,Automatic,Used,14228,98.0,2021
10777,Audi,Q5,Petrol,Automatic,Used,24212,130.0,2020
76417,Ford,Kuga,Petrol,Automatic,Used,6097,212.0,2015
50418,Renault,Captur,Hybrid,Automatic,Used,12100,130.0,2019
133511,Renault,Megane,Petrol,Manual,Used,3076,120.0,2012
60425,Opel,Corsa,Hybrid,Manual,Used,9980,199.0,2020
37242,Audi,A6,Diesel,Manual,Used,17236,78.0,2015
47625,SEAT,Arona,Petrol,Automatic,Used,9659,,2019
500,SEAT,Ateca,Petrol,Automatic,Used,14714,109.0,2021
45663,SEAT,Ateca,Petrol,Manual,Used,9330,88.0,2018
25662,Volkswagen,Golf,Petrol,Automatic,Used,13149,50.0,2021
125894,Opel,Mokka,Diesel,Automatic,Used,2564,126.0,2011
155748,SEAT,Ibiza,Diesel,Semi-automatic,Used,3313,116.0,2012
67568,Hyundai,Kona,Petrol,Manual,Used,7281,103.0,2017
66879,Skoda,Fabia,Petrol,Manual,Used,8050,121.0,2016
133530,Ford,Mondeo,Diesel,Automatic,Used,3779,133.0,2012
54591,Skoda,Kodiaq,Petrol,Automatic,Used,10605,68.0,2018
138126,Mercedes-Benz,GLC,Petrol,Automatic,Used,5528,133.0,2011
15248,BMW,1 Series,Petrol,Automatic,Used,27297,155.0,2021
140264,Renault,Captur,Diesel,Manual,Used,3213,50.0,2012
83605,Hyundai,Kona,Electric,Automatic,Used,9101,190.0,2015
85644,Toyota,Yaris,Petrol,Manual,Used,10542,58.0,2020
104533,SEAT,Ibiza,Petrol,Manual,New,7291,59.0,2016
31605,Volkswagen,Passat,Petrol,Manual,Used,13024,122.0,2019
65105,Hyundai,Kona,Petrol,Manual,Used,9948,136.0,2018
500,Opel,Mokka,Diesel,Manual,Used,11352,150.0,2021
74713,Audi,A6,Electric,Automatic,Demonstration,22840,150.0,2016
3797,Toyota,RAV4,Diesel,Automatic,Used,20558,107.0,2021
46362,Renault,Captur,Petrol,Manual,Used,5314,115.0,2016
43557,Renault,Kadjar,Electric,Manual,Used,11896,100.0,2020
27304,Audi,Q5,Petrol,Manual,Demonstration,20484,121.0,2019
137559,Hyundai,i20,Petrol,Manual,Demonstration,3465,109.0,2012
40095,Opel,Insignia,Diesel,Manual,Used,8425,89.0,2018
133568,Skoda,Fabia,Petrol,Automatic,Used,9389,113.0,2020
126808,Peugeot,508,Petrol,Automatic,Used,3705,50.0,2012
500,SEAT,Ateca,Diesel,Manual,Used,11815,151.0,2020
94002,Mercedes-Benz,GLC,Diesel,Automatic,Used,10012,134.0,2012
56576,Audi,A4,Hybrid,Automatic,Used,18966,50.0,2020
91776,Ford,Kuga,Diesel,Manual,Used,8894,149.0,2019
126137,Hyundai,i20,Diesel,Manual,Used,3630,104.0,2012
104763,Renault,Kadjar,Diesel,Manual,Used,6798,70.0,2018
175956,Ford,Focus,Petrol,Manual,Used,3070,60.0,2012
68368,Renault,Megane,Petrol,Automatic,Used,7160,95.0,2017
5884,Renault,Kadjar,Petrol,Manual,Used,12118,73.0,2021
141330,Ford,Mondeo,Petrol,Manual,Used,4033,71.0,2013
180711,Ford,Fiesta,Diesel,Manual,Used,3479,183.0,2012
118905,Toyota,Corolla,Petrol,Manual,Used,6665,126.0,2015
81312,Skoda,Octavia,Diesel,Automatic,Used,6921,216.0,2015
158903,BMW,1 Series,Petrol,Manual,Used,6218,115.0,2011
159344,Renault,Clio,Diesel,Automatic,Used,5031,151.0,2016
143792,SEAT,Ibiza,Diesel,Manual,Used,4067,67.0,2013
180426,Skoda,Fabia,Petrol,Manual,Used,3309,98.0,2012
138896,Renault,Clio,Diesel,Manual,Used,3901,104.0,2014
174568,Toyota,Yaris,Petrol,Automatic,Used,3737,148.0,2011
18804,Audi,A6,Petrol,Manual,Demonstration,27933,113.0,2021
46409,Opel,Insignia,Hybrid,Automatic,Used,10255,146.0,2021
130152,Mercedes-Benz,E-Class,Diesel,Manual,Used,11827,123.0,2015
39236,SEAT,Arona,Petrol,Automatic,Used,14720,115.0,2020
65718,Ford,Kuga,Petrol,Automatic,Used,7170,107.0,2016
28495,Ford,Focus,Diesel,Automatic,Used,15231,100.0,2021
147655,Renault,Captur,Petrol,Manual,Demonstration,4241,155.0,2012
109211,Ford,Kuga,Electric,Manual,Used,5836,94.0,2014
138757,Opel,Mokka,Petrol,Automatic,Used,4534,143.0,2019
81133,Opel,Astra,Hybrid,Automatic,Used,6062,115.0,2013
63548,Audi,A3,Petrol,Manual,Used,19940,162.0,2020
74807,BMW,5 Series,Diesel,Manual,Used,10575,50.0,2015
109592,Peugeot,308,Electric,Manual,Used,6379,123.0,2015
194901,BMW,1 Series,Diesel,Manual,Used,6550,53.0,2015
11317,Audi,A6,Petrol,Manual,Used,30228,131.0,2019
139664,Renault,Captur,Petrol,Manual,New,3715,98.0,2011
44387,BMW,X3,Electric,Manual,Used,23926,50.0,2019
15347,SEAT,Arona,Electric,Automatic,Used,18280,143.0,2019
60942,Renault,Megane,Diesel,Automatic,Used,11048,139.0,2020
500,SEAT,Ibiza,Petrol,Automatic,Used,17355,120.0,2021
67890,Audi,A3,Diesel,Manual,Used,16449,108.0,2019
43478,Volkswagen,Polo,Petrol,Automatic,Used,10305,132.0,2016
26761,Toyota,RAV4,Petrol,Manual,Used,7796,163.0,2016
96986,Audi,A4,Diesel,Automatic,Demonstration,12878,110.0,2015
500,Peugeot,308,Petrol,Manual,Demonstration,13781,160.0,2020
158139,Mercedes-Benz,E-Class,Petrol,Manual,Used,9721,107.0,2015
21457,BMW,1 Series,Petrol,Automatic,Used,23677,184.0,2017
113681,Peugeot,508,Hybrid,Manual,Used,4497,95.0,2012
134477,Hyundai,i20,Petrol,Automatic,Used,5357,93.0,2014
114477,Toyota,Yaris,Petrol,Automatic,Used,5625,73.0,2013
51856,Peugeot,208,Diesel,Manual,Used,7191,107.0,2015
161399,Mercedes-Benz,GLC,Diesel,Manual,New,12652,74.0,2016
24943,Toyota,Corolla,Diesel,Automatic,Used,15466,190.0,2018
98131,Renault,Kadjar,Diesel,Automatic,Used,5652,85.0,2015
142678,Mercedes-Benz,A-Class,Diesel,Automatic,Used,8089,90.0,2012
114861,BMW,X3,Petrol,Manual,Used,9018,136.0,2016
181182,Toyota,Corolla,Petrol,Automatic,Used,4375,173.0,2011
1062,Audi,A4,Diesel,Manual,Used,26796,147.0,2020
33596,Peugeot,208,Petrol,Manual,Demonstration,11919,161.0,2019
127058,BMW,X3,Electric,Automatic,Used,11326,118.0,2013
161214,Audi,A4,Diesel,Manual,Used,7446,104.0,2013
124109,Audi,A4,Petrol,Manual,Used,8542,196.0,2011
175634,Audi,A3,Diesel,Manual,Used,7840,185.0,2015
138429,Renault,Kadjar,Petrol,Automatic,Used,3436,152.0,2011
14694,Toyota,C-HR,Petrol,Automatic,Used,16499,180.0,2021
109400,Toyota,Corolla,Diesel,Semi-automatic,Used,5618,145.0,2012
14564,Renault,Captur,Diesel,Manual,Used,8975,58.0,2018
44395,Mercedes-Benz,GLC,Electric,Manual,Used,20137,109.0,2017
101032,Hyundai,Tucson,Diesel,Automatic,Used,5423,189.0,2013
30501,Skoda,Superb,Petrol,Manual,Used,11274,145.0,2019
115736,Skoda,Fabia,Petrol,Manual,Used,4335,103.0,2012
54344,Renault,Captur,Diesel,Manual,Used,9967,182.0,2020
17596,Peugeot,3008,Petrol,Automatic,Used,11351,145.0,2019
43716,Hyundai,Tucson,Petrol,Automatic,Used,7217,160.0,2017
16246,Skoda,Superb,Diesel,Manual,Used,14458,131.0,2020
139749,SEAT,Ateca,Hybrid,Manual,Used,5298,133.0,2015
127521,Renault,Clio,Petrol,Automatic,Used,4173,151.0,2014
146511,Audi,Q5,Petrol,Automatic,Used,6639,179.0,2012
500,Audi,Q5,Diesel,Manual,Used,28444,179.0,2021
65005,SEAT,Ibiza,Diesel,Manual,Used,6087,89.0,2015
500,Volkswagen,Polo,Petrol,Semi-automatic,Used,19156,130.0,2020
165740,Audi,Q5,Petrol,Automatic,Used,6641,180.0,2014
33570,Renault,Megane,Diesel,Automatic,Used,10217,124.0,2021
500,Hyundai,Kona,Petrol,Automatic,Used,11903,70.0,2020
100247,Skoda,Kodiaq,Petrol,Semi-automatic,Used,5765,67.0,2014
61115,Ford,Mondeo,Diesel,Manual,Used,8375,72.0,2016
13995,Opel,Astra,Petrol,Manual,Used,9925,92.0,2019
151111,Renault,Megane,Petrol,Manual,Used,2832,73.0,2013
154936,Skoda,Superb,Petrol,Automatic,Used,3724,166.0,2011
192841,Volkswagen,Tiguan,Petrol,Manual,Used,3945,96.0,2014
118763,Skoda,Octavia,Petrol,Manual,Used,7619,168.0,2017
195832,Ford,Fiesta,Hybrid,Manual,Used,3119,55.0,2012
143497,Renault,Clio,Petrol,Automatic,Used,3307,107.0,2014
500,Toyota,C-HR,Diesel,Automatic,Used,20022,135.0,2021
185923,Hyundai,Kona,Petrol,Manual,Used,3338,141.0,2011
152791,SEAT,Ibiza,Hybrid,Manual,Used,3686,156.0,2011
162060,Ford,Focus,Electric,Automatic,Used,6221,100.0,2015
179150,Opel,Corsa,Diesel,Manual,Used,2035,150.0,2011
174183,Mercedes-Benz,GLC,Diesel,Automatic,Used,4548,50.0,2011
139448,Hyundai,i30,Diesel,Manual,Used,3256,146.0,2013
210909,Toyota,Corolla,Electric,Automatic,Used,4371,61.0,2012
500,Toyota,Corolla,Electric,Manual,Used,18331,133.0,2019
214340,Audi,A6,Petrol,Automatic,Used,6137,172.0,2012
83485,Audi,A4,Diesel,Manual,New,17092,150.0,2016
10785,Toyota,Yaris,Electric,Manual,Used,17634,50.0,2018
48673,Skoda,Kodiaq,Diesel,Automatic,Used,10778,106.0,2017
2222,Renault,Megane,Diesel,Automatic,Used,10052,159.0,2018
142878,Opel,Corsa,Diesel,Automatic,Used,3485,154.0,2014
500,Opel,Insignia,Petrol,Automatic,Demonstration,10206,141.0,2020
170903,SEAT,Ateca,Petrol,Automatic,Used,3589,50.0,2011
189698,Peugeot,208,Diesel,Automatic,Used,2681,175.0,2012
6479,Ford,Focus,Diesel,Manual,Used,11443,176.0,2020
155616,Peugeot,208,Petrol,Automatic,Used,3143,127.0,2011
89382,Mercedes-Benz,GLC,Diesel,Manual,Used,8299,117.0,2013
136408,Ford,Kuga,Petrol,Manual,Demonstration,4526,129.0,2012
255091,Toyota,C-HR,Diesel,Automatic,Used,2752,186.0,2011
177228,Hyundai,Tucson,Diesel,Manual,Used,3574,117.0,2012
65734,Hyundai,i30,Diesel,Manual,Demonstration,9548,102.0,2017
38591,Audi,A6,Petrol,Manual,Used,20679,129.0,2018
163508,Toyota,RAV4,Petrol,Manual,Used,3837,105.0,2011
19552,Hyundai,i30,Diesel,Automatic,Used,12799,130.0,2021
135333,Hyundai,Kona,Petrol,Manual,Used,3193,50.0,2012
78552,Volkswagen,Tiguan,Diesel,Manual,Used,9522,136.0,2018
11629,Renault,Kadjar,Petrol,Manual,Used,12860,166.0,2019
56456,Hyundai,Kona,Diesel,Manual,Demonstration,8350,156.0,2016
102957,Peugeot,308,Electric,Manual,Used,7391,153.0,2016
109098,Mercedes-Benz,C-Class,Diesel,Manual,Used,10010,104.0,2012
160516,Peugeot,308,Petrol,Automatic,Used,3710,129.0,2013
29500,BMW,X3,Petrol,Automatic,Used,22111,183.0,2020
56023,Opel,Mokka,Petrol,Manual,Used,5810,147.0,2014
168832,SEAT,Leon,Petrol,Manual,Used,3017,172.0,2011
500,Opel,Corsa,Diesel,,Used,10177,83.0,2019
84268,Renault,Megane,Diesel,Manual,Used,7036,81.0,2018
156295,Mercedes-Benz,GLC,Electric,Manual,Used,7615,90.0,2011
229788,SEAT,Ibiza,Electric,Automatic,Used,3201,78.0,2011
187496,SEAT,Leon,Petrol,Automatic,Used,3742,62.0,2012
127876,SEAT,Ibiza,Petrol,Manual,Used,3379,126.0,2011
4274,Audi,Q5,Petrol,Manual,Used,22410,129.0,2017
123571,Audi,A4,Petrol,Automatic,Used,7596,132.0,2012
32256,Audi,A3,Electric,,Demonstration,32124,142.0,2017
213901,Opel,Corsa,Petrol,Manual,Used,1952,50.0,2012
14639,SEAT,Ibiza,Diesel,Automatic,Demonstration,15298,108.0,2021
92670,Ford,Fiesta,Petrol,Manual,Used,9190,99.0,2018
95024,Ford,Mondeo,Petrol,Automatic,Used,7656,126.0,2015
98712,Audi,A6,Diesel,Manual,Used,11419,50.0,2015
163858,Mercedes-Benz,GLC,Petrol,Automatic,Used,5603,78.0,2011
203729,SEAT,Ateca,Petrol,Manual,Used,2611,85.0,2011
100907,Peugeot,508,Diesel,Automatic,Used,6142,173.0,2016
127993,Audi,A4,Petrol,Automatic,Used,6615,132.0,2011
116788,Toyota,C-HR,Diesel,Automatic,Used,9938,173.0,2018
94751,Skoda,Octavia,Diesel,Automatic,Used,6214,118.0,2015
134057,Mercedes-Benz,E-Class,Petrol,Manual,Used,6459,106.0,2012
500,Ford,Kuga,Petrol,Automatic,New,11498,147.0,2016
97204,Volkswagen,Polo,Petrol,Manual,Used,10176,103.0,2017
48535,Volkswagen,Polo,Diesel,Automatic,Used,12168,100.0,2019
138497,Ford,Focus,Petrol,Manual,Used,3816,50.0,2013
60901,Opel,Astra,Diesel,Manual,Used,5658,84.0,2017
9867,Peugeot,3008,Electric,Manual,New,23580,152.0,2020
122065,BMW,1 Series,Diesel,Semi-automatic,Used,7079,164.0,2013
46211,Toyota,Yaris,Electric,Automatic,Demonstration,16917,94.0,2020
82369,Mercedes-Benz,E-Class,Diesel,Manual,Used,14562,50.0,2018
96914,BMW,1 Series,Diesel,Automatic,Used,11823,166.0,2015
63213,Renault,Kadjar,Petrol,,Used,9500,117.0,2020
12236,Peugeot,208,Petrol,Manual,Used,10817,54.0,2021
117352,SEAT,Ateca,Hybrid,Manual,Used,5682,50.0,2013
21945,BMW,3 Series,Petrol,Automatic,Used,23457,87.0,2021
117421,BMW,3 Series,Diesel,Automatic,Demonstration,7272,99.0,2011
158145,Ford,Focus,Diesel,Automatic,Used,3200,69.0,2012
111024,Opel,Insignia,Petrol,Manual,Used,2963,136.0,2011
69030,Hyundai,i20,Diesel,Manual,Used,5422,72.0,2015
500,Audi,A4,Electric,Automatic,Used,40908,131.0,2021
68871,Mercedes-Benz,C-Class,Petrol,Manual,New,19691,218.0,2017
131337,Hyundai,i30,Petrol,Automatic,Used,6277,131.0,2017
160902,BMW,X3,Petrol,Semi-automatic,Used,5100,100.0,2011
112525,Volkswagen,Polo,Diesel,Manual,Used,6262,106.0,2016
187331,Opel,Corsa,Petrol,Manual,Used,3791,139.0,2015
104142,Ford,Kuga,Electric,Automatic,Demonstration,11760,150.0,2016
108218,SEAT,Ateca,Diesel,Automatic,Used,5540,77.0,2013
113035,Toyota,Yaris,Petrol,Automatic,Used,4773,103.0,2013
15023,Hyundai,Kona,Electric,Automatic,Used,15303,100.0,2021
52849,Audi,Q5,Diesel,Manual,Used,19128,98.0,2017
85467,Hyundai,Tucson,Electric,Automatic,Used,8515,206.0,2015
199484,SEAT,Ateca,Diesel,Automatic,Used,2437,148.0,2011
80915,Volkswagen,Passat,Petrol,Automatic,Used,13020,124.0,2019
32359,Hyundai,i30,Diesel,Manual,Used,8625,166.0,2016
76364,BMW,5 Series,Petrol,Manual,Used,12574,117.0,2015
43760,SEAT,Leon,Diesel,Manual,Used,6506,50.0,2018
170968,Peugeot,208,Diesel,Manual,Used,2975,181.0,2012
130008,Mercedes-Benz,GLC,Diesel,,Used,12136,103.0,2016
124569,Audi,A4,Diesel,Semi-automatic,Used,13183,50.0,2020
73701,Opel,Corsa,Petrol,Automatic,Used,6688,53.0,2016
150449,Toyota,C-HR,Diesel,Semi-automatic,Used,3451,,2011
155600,Mercedes-Benz,A-Class,Diesel,Manual,Used,7200,50.0,2013
141122,SEAT,Ateca,Diesel,Automatic,Used,4559,181.0,2011
85066,Opel,Astra,Petrol,Automatic,Used,5061,129.0,2016
90474,BMW,5 Series,Diesel,Automatic,New,16856,156.0,2015
58242,Renault,Captur,Diesel,Automatic,Used,5136,109.0,2012
64313,Peugeot,308,Petrol,Automatic,Used,8441,151.0,2018
143617,Skoda,Octavia,Petrol,Automatic,Used,4253,135.0,2012
164493,Mercedes-Benz,GLC,Petrol,Manual,Used,7140,106.0,2014
15192,BMW,5 Series,Diesel,Automatic,Used,26752,82.0,2021
121084,Opel,Insignia,Electric,Manual,New,5289,121.0,2011
125967,Skoda,Fabia,,Manual,Used,3771,50.0,2013
46812,Skoda,Superb,Petrol,Automatic,Used,8993,165.0,2014
47618,Mercedes-Benz,GLC,Diesel,Automatic,Used,14827,134.0,2016
157243,Skoda,Kodiaq,Diesel,Automatic,Used,3768,143.0,2013
6343,Audi,A3,Petrol,Manual,Used,23625,50.0,2021
197288,Renault,Captur,Diesel,Manual,Used,1998,54.0,2011
500,Peugeot,508,Petrol,Manual,Used,12320,92.0,2021
81514,SEAT,Ateca,Diesel,Automatic,Used,6240,155.0,2016
148357,Volkswagen,Golf,Diesel,Semi-automatic,Used,4191,63.0,2011
183455,Hyundai,i20,Diesel,Automatic,Used,4204,236.0,2012
173547,Volkswagen,Golf,Diesel,Manual,Used,4040,94.0,2012
142479,Hyundai,i20,Petrol,Automatic,Used,3752,77.0,2014
173949,Volkswagen,Tiguan,Diesel,Manual,Used,4221,100.0,2014
47117,Skoda,Kodiaq,Petrol,Automatic,Used,10802,84.0,2018
166728,BMW,X3,Diesel,Automatic,Used,5805,70.0,2014
23453,BMW,X3,Petrol,Manual,Used,16595,157.0,2018
82169,Renault,Kadjar,Hybrid,Automatic,Used,4750,146.0,2014
161346,Renault,Megane,Electric,Automatic,Used,4527,145.0,2013
67334,BMW,5 Series,Petrol,Manual,Used,14623,165.0,2014
140047,Hyundai,Tucson,Diesel,Manual,Demonstration,4272,130.0,2014
33546,Audi,A4,Petrol,Automatic,New,33548,81.0,2020
172515,Audi,A3,Electric,Semi-automatic,Used,8212,139.0,2013
117919,Audi,A6,Petrol,Automatic,Used,7995,72.0,2014
16962,Opel,Mokka,Diesel,Manual,New,17582,93.0,2021
77824,Mercedes-Benz,C-Class,Petrol,Automatic,Used,21765,125.0,2018
111807,Opel,Astra,Diesel,Manual,Used,3947,100.0,2013
5283,Mercedes-Benz,E-Class,Petrol,Manual,Demonstration,28931,50.0,2020
151605,Volkswagen,Tiguan,Diesel,Manual,Used,4686,63.0,2013
148975,Ford,Kuga,Diesel,Manual,Used,3646,105.0,2012
90744,Renault,Captur,Petrol,Manual,Used,5208,82.0,2015
57103,Peugeot,3008,Petrol,Manual,Used,8849,163.0,2018
190810,Ford,Fiesta,Petrol,Manual,Used,4249,165.0,2013
29494,Audi,A6,Petrol,Automatic,Used,19773,78.0,2019
133479,Peugeot,208,Electric,Manual,Used,4472,109.0,2012
500,Renault,Clio,Petrol,Manual,Used,10888,184.0,2019
148518,Peugeot,508,Hybrid,Automatic,Used,4328,115.0,2012
112991,Toyota,RAV4,Diesel,Automatic,Used,9664,107.0,2016
89267,Peugeot,208,Diesel,Automatic,Used,8569,166.0,2018
138788,Hyundai,i30,Petrol,Manual,New,5986,95.0,2013
108454,Ford,Focus,Diesel,Automatic,Used,8347,183.0,2017
85593,Ford,Kuga,Electric,Automatic,Used,12538,100.0,2018
98953,Audi,Q5,Diesel,Automatic,Used,19097,106.0,2018
139451,Mercedes-Benz,E-Class,Diesel,Automatic,Demonstration,9488,160.0,2015
99949,Renault,Megane,Diesel,Manual,Used,7443,118.0,2019
39061,Renault,Clio,Petrol,Manual,Used,6177,118.0,2019
73553,Peugeot,308,Petrol,Manual,Used,5586,50.0,2014
68230,Mercedes-Benz,E-Class,Diesel,Manual,Used,19307,97.0,2019
42319,Opel,Astra,Diesel,Semi-automatic,Used,9628,154.0,2021
99950,Mercedes-Benz,E-Class,Diesel,Manual,Used,10635,78.0,2019
89845,Toyota,C-HR,Diesel,Automatic,Used,11051,160.0,2019
113092,Audi,Q5,Petrol,Semi-automatic,Used,14923,125.0,2019
66695,BMW,5 Series,Petrol,Automatic,Used,18136,119.0,2019
128008,Skoda,Kodiaq,Diesel,Manual,Used,4959,169.0,2014
11526,Toyota,Yaris,Diesel,Semi-automatic,Used,11345,97.0,2018
145783,Toyota,C-HR,Petrol,Manual,Used,4714,95.0,2013
100662,BMW,5 Series,Diesel,Manual,Used,8709,98.0,2014
22403,Audi,A6,Diesel,Manual,Used,27462,119.0,2021
121908,BMW,3 Series,Petrol,Manual,Used,9022,143.0,2014
46511,Audi,Q5,Diesel,Automatic,Used,16780,63.0,2020
101593,Skoda,Fabia,Diesel,Manual,Used,6554,148.0,2015
167726,Audi,Q5,Diesel,Automatic,Used,7734,125.0,2013
54690,Volkswagen,Golf,Petrol,Manual,Used,8027,131.0,2012
81650,Skoda,Superb,Diesel,Automatic,Used,10325,234.0,2017
147087,Volkswagen,Golf,Petrol,Manual,Used,5098,86.0,2015
155452,Mercedes-Benz,GLC,Petrol,Automatic,Used,11875,70.0,2016
190619,Volkswagen,Polo,Petrol,Manual,Used,2886,114.0,2011
193971,BMW,X3,Petrol,Automatic,Used,6567,138.0,2013
170913,Opel,Mokka,Diesel,Automatic,Used,2990,159.0,2011
120100,Toyota,RAV4,Diesel,Automatic,Used,7180,99.0,2014
33530,Peugeot,208,Diesel,Manual,Used,13451,78.0,2021
149888,BMW,3 Series,Petrol,,Used,7823,52.0,2012
32617,Volkswagen,Golf,Petrol,Automatic,Used,12196,65.0,2018
146967,Ford,Mondeo,Petrol,Automatic,Used,3887,101.0,2011
36075,SEAT,Arona,Petrol,Automatic,Used,9674,121.0,2017
33493,Renault,Megane,Diesel,Semi-automatic,Used,10571,208.0,2021
120399,Peugeot,508,Diesel,Semi-automatic,Demonstration,4556,50.0,2014
122390,Ford,Focus,Diesel,Automatic,Used,5952,137.0,2013
55166,Mercedes-Benz,A-Class,Petrol,Manual,Used,17144,78.0,2017
137677,Volkswagen,Polo,Diesel,Manual,Used,6967,118.0,2014
57316,BMW,3 Series,Electric,Automatic,New,30772,104.0,2020
500,Volkswagen,Polo,Diesel,Semi-automatic,Used,16204,161.0,2020
14931,Toyota,Corolla,Petrol,Manual,Used,13741,158.0,2018
93408,Audi,A4,Diesel,Manual,Used,15580,107.0,2018
26870,Peugeot,208,Petrol,Manual,Used,8483,176.0,2017
64162,Skoda,Fabia,Diesel,Manual,Used,11543,147.0,2019
146592,Skoda,Octavia,Petrol,Semi-automatic,Used,6455,173.0,2016
71673,Opel,Mokka,Electric,Automatic,Used,10124,128.0,2021
145826,Peugeot,308,Petrol,Manual,Used,4353,151.0,2014
189808,Volkswagen,Golf,Diesel,Manual,Used,3797,70.0,2011
138817,BMW,X3,Petrol,Manual,Used,11742,73.0,2018
500,Opel,Mokka,Petrol,Automatic,Used,8239,225.0,2018
500,Ford,Fiesta,Diesel,Automatic,Used,14912,81.0,2021
134697,Skoda,Kodiaq,Petrol,Manual,Used,5642,89.0,2015
93195,Renault,Captur,Petrol,Manual,Demonstration,4854,50.0,2015
118392,SEAT,Ateca,Diesel,Automatic,Used,7247,88.0,2017
103623,Audi,A4,Petrol,Automatic,Used,12000,79.0,2015
49611,Audi,A3,Petrol,Automatic,Used,20004,98.0,2019
95386,Peugeot,308,Petrol,Manual,Used,5265,122.0,2015
26712,Mercedes-Benz,GLC,Diesel,Semi-automatic,Used,22668,137.0,2019
85851,Skoda,Kodiaq,Petrol,Automatic,Used,6910,79.0,2015
144491,Skoda,Kodiaq,Diesel,Semi-automatic,Used,3623,71.0,2013
500,Peugeot,508,Diesel,Manual,Used,12690,164.0,2021
123362,Renault,Megane,Diesel,Manual,Used,5166,187.0,2016
82863,Opel,Corsa,Electric,Manual,Used,10207,169.0,2018
113480,Audi,Q5,Diesel,Automatic,Used,13325,52.0,2017
80488,Ford,Kuga,Diesel,Automatic,Used,7680,177.0,2014
500,Ford,Fiesta,Diesel,Manual,Used,13138,198.0,2021
104853,Mercedes-Benz,E-Class,Diesel,Semi-automatic,Used,10231,50.0,2015
116458,SEAT,Arona,Hybrid,Semi-automatic,Used,12877,164.0,2021
149317,Mercedes-Benz,C-Class,Petrol,Manual,Used,8508,119.0,2015
145594,SEAT,Ibiza,Petrol,Automatic,Used,3219,105.0,2011
179858,Peugeot,3008,Petrol,Automatic,Used,2703,125.0,2011
40466,Hyundai,i20,Diesel,Manual,New,20763,135.0,2021
42106,BMW,3 Series,Petrol,Automatic,Used,15023,177.0,2016
152937,Peugeot,508,Hybrid,Manual,Used,5070,159.0,2015
39140,BMW,5 Series,Petrol,Automatic,Used,20557,60.0,2019
71826,Ford,Kuga,Petrol,Automatic,Used,6342,97.0,2017
60832,Mercedes-Benz,E-Class,Petrol,Automatic,New,25107,131.0,2018
100059,BMW,3 Series,Petrol,Automatic,Used,14408,198.0,2018
108569,Mercedes-Benz,C-Class,Diesel,Manual,Used,9601,50.0,2013
105256,Volkswagen,Tiguan,Petrol,Manual,New,7854,78.0,2011
56303,Peugeot,208,Diesel,Automatic,Used,8430,59.0,2019
93472,Volkswagen,Passat,Petrol,Manual,Used,4746,50.0,2011
49461,Ford,Fiesta,Electric,Automatic,Used,17320,171.0,2018
191541,Renault,Megane,Petrol,Manual,Used,2330,82.0,2012
155268,Hyundai,Kona,Diesel,Manual,Used,3065,50.0,2013
96482,Toyota,RAV4,Petrol,Manual,Used,10458,105.0,2018
96712,BMW,X3,Electric,Automatic,Used,18533,218.0,2017
129362,Hyundai,i30,,Manual,Used,7010,50.0,2019
54412,SEAT,Leon,Electric,Automatic,Demonstration,16189,150.0,2017
178935,Mercedes-Benz,A-Class,Petrol,Manual,Used,5087,176.0,2011
14666,Opel,Astra,Electric,Automatic,Used,13807,127.0,2020
168488,Hyundai,i20,Diesel,Automatic,Used,3495,209.0,2013
147845,Ford,Kuga,Petrol,Automatic,Used,4071,91.0,2012
90160,Mercedes-Benz,A-Class,Petrol,Manual,Used,17801,179.0,2020
116421,Toyota,Yaris,Electric,Automatic,Demonstration,7412,176.0,2013
139249,Hyundai,Kona,Diesel,Manual,Used,5728,109.0,2016
110760,Hyundai,Tucson,Diesel,Automatic,Used,6061,58.0,2016
43864,Hyundai,i20,Diesel,Manual,Used,8338,68.0,2019
183985,Toyota,C-HR,Petrol,Automatic,Used,2999,50.0,2011
159144,Opel,Mokka,Electric,Automatic,Used,4081,148.0,2012
117458,Mercedes-Benz,E-Class,Petrol,Automatic,Used,9208,145.0,2015
82760,SEAT,Leon,Diesel,Automatic,Used,7359,129.0,2016
20444,Mercedes-Benz,E-Class,Diesel,Automatic,Used,27684,122.0,2019
63273,Opel,Insignia,Electric,Manual,Used,9408,172.0,2017
91090,SEAT,Ibiza,Diesel,Automatic,Demonstration,5121,134.0,2012
44468,Hyundai,i30,Diesel,Semi-automatic,Demonstration,13639,90.0,2021
46769,Audi,A3,Diesel,Manual,Used,12546,117.0,2016
7382,Audi,A3,Petrol,Manual,Used,28787,207.0,2021
37682,Renault,Megane,Petrol,Automatic,Used,11176,158.0,2021
194379,Volkswagen,Passat,Diesel,Manual,Used,2925,87.0,2011
27887,Skoda,Kodiaq,Diesel,Automatic,Used,10633,123.0,2016
101785,Renault,Clio,Hybrid,Automatic,Used,4527,145.0,2015
106091,Skoda,Octavia,Petrol,Automatic,Used,6051,106.0,2016
121821,Ford,Fiesta,Petrol,Manual,Used,4235,85.0,2014
122043,Peugeot,3008,Diesel,Manual,Used,5190,110.0,2017
61237,Ford,Mondeo,Diesel,Automatic,Used,9795,193.0,2016
63284,Renault,Captur,Petrol,Manual,Used,5392,143.0,2013
148361,Opel,Insignia,Petrol,Manual,Used,3535,90.0,2014
131202,Volkswagen,Golf,Petrol,Manual,Used,4970,145.0,2012
500,Skoda,Octavia,Electric,Manual,Used,18665,114.0,2020
54452,Volkswagen,Golf,Diesel,Manual,Used,13021,128.0,2018
148070,Hyundai,Tucson,Electric,Manual,Used,4703,120.0,2015
60786,SEAT,Leon,Diesel,Automatic,Used,7436,50.0,2015
246760,Ford,Focus,Diesel,Automatic,Used,2168,50.0,2011
90674,Opel,Insignia,Electric,Automatic,New,8892,133.0,2014
18045,SEAT,Arona,Electric,Automatic,Used,18973,92.0,2021
122330,Audi,A4,Petrol,Manual,Used,7297,50.0,2011
151456,Audi,Q5,Petrol,Manual,Used,7807,69.0,2012
25319,Opel,Insignia,Petrol,Automatic,Used,9104,171.0,2020
37868,Audi,A6,Petrol,Manual,Used,17281,126.0,2016
263904,Peugeot,508,Diesel,Manual,Used,1862,140.0,2011
72663,BMW,3 Series,Petrol,Manual,Used,12407,130.0,2016
27694,Peugeot,508,Petrol,Automatic,Used,12583,87.0,2019
153916,Ford,Mondeo,Petrol,Manual,Used,4801,143.0,2014
168499,Skoda,Kodiaq,Electric,Manual,Used,5851,135.0,2015
114425,BMW,X3,Petrol,Manual,Used,13168,106.0,2017
32959,Ford,Mondeo,Diesel,Automatic,Used,9874,129.0,2017
37487,Peugeot,508,Diesel,Manual,Used,9891,150.0,2020
69152,Audi,Q5,Petrol,Automatic,Used,10031,88.0,2013
151560,BMW,1 Series,Diesel,Manual,Used,8426,157.0,2014
92768,Skoda,Kodiaq,Electric,Manual,Used,6045,131.0,2012
31888,BMW,5 Series,Diesel,,Used,18555,112.0,2018
89888,Audi,A6,Diesel,Manual,Used,14255,179.0,2016
135575,Opel,Corsa,Petrol,Manual,Used,3622,50.0,2014
50867,Skoda,Kodiaq,Diesel,Automatic,Used,13023,106.0,2018
158168,SEAT,Arona,Petrol,Manual,Used,4376,78.0,2015
160313,Renault,Kadjar,Diesel,Semi-automatic,Used,3781,123.0,2013
112565,Toyota,RAV4,Petrol,Manual,Used,8242,163.0,2016
61971,Volkswagen,Polo,Petrol,Manual,Used,9489,65.0,2015
164478,Ford,Focus,Electric,Automatic,Demonstration,9462,273.0,2015
76893,Volkswagen,Passat,Diesel,Automatic,Used,6437,94.0,2015
75814,Volkswagen,Passat,Diesel,Manual,Used,13649,131.0,2021
205777,Mercedes-Benz,A-Class,Petrol,Manual,Used,6092,107.0,2013
137943,SEAT,Ateca,Hybrid,Automatic,Used,5435,125.0,2014
111120,Toyota,C-HR,Petrol,Manual,Used,7226,75.0,2017
57098,Peugeot,208,Petrol,Automatic,Demonstration,5027,168.0,2011
143175,SEAT,Leon,Petrol,Automatic,Used,3329,83.0,2012
113576,Peugeot,3008,Petrol,Manual,Used,5540,50.0,2017
122358,Mercedes-Benz,GLC,Electric,Automatic,Used,16629,75.0,2016
17310,Toyota,C-HR,Electric,Manual,Demonstration,17709,177.0,2018
139720,Toyota,C-HR,Petrol,Automatic,Used,4821,177.0,2012
500,BMW,1 Series,Petrol,Semi-automatic,Used,21541,50.0,2020
104455,Opel,Mokka,Electric,Automatic,Used,6248,162.0,2016
84084,Peugeot,3008,Diesel,Semi-automatic,Used,3934,50.0,2012
159567,Opel,Astra,Diesel,Automatic,Used,3763,122.0,2014
176395,Toyota,RAV4,Hybrid,Manual,Demonstration,5844,53.0,2013
88397,Hyundai,Tucson,Petrol,Manual,Used,5270,149.0,2015
108245,Opel,Astra,Diesel,Manual,Used,5032,135.0,2016
97402,Volkswagen,Tiguan,Petrol,Manual,Used,8415,153.0,2015
98467,Ford,Kuga,Petrol,Automatic,Used,5887,112.0,2016
500,Mercedes-Benz,GLC,Petrol,Manual,Used,30295,105.0,2020
36787,Opel,Astra,Petrol,Automatic,Used,9917,63.0,2021
32559,SEAT,Arona,Diesel,Manual,Demonstration,9659,64.0,2016
500,Opel,Corsa,Petrol,Manual,Used,11978,158.0,2021
25733,Mercedes-Benz,A-Class,Diesel,Manual,Used,25444,131.0,2020
22606,Audi,A6,Electric,Semi-automatic,Used,35082,119.0,2020
144531,Renault,Captur,Diesel,Manual,Used,3525,164.0,2013
82267,Volkswagen,Tiguan,Petrol,Manual,Used,8160,50.0,2015
185999,Mercedes-Benz,C-Class,Petrol,Manual,Used,7721,140.0,2014
155621,Toyota,RAV4,Petrol,Semi-automatic,Used,3672,53.0,2012
173151,BMW,1 Series,Petrol,Manual,Used,5716,172.0,2011
81903,Ford,Focus,Petrol,Automatic,Used,8018,151.0,2017
140102,Mercedes-Benz,E-Class,Petrol,Manual,Used,8252,152.0,2015
50161,BMW,5 Series,Diesel,Manual,Used,20655,82.0,2020
75471,Opel,Insignia,Diesel,Automatic,Used,8348,225.0,2018
190759,Skoda,Kodiaq,Petrol,Automatic,Used,3824,210.0,2011
500,Mercedes-Benz,GLC,Diesel,Automatic,Used,33671,148.0,2020
27460,Volkswagen,Tiguan,Petrol,Manual,Used,12056,163.0,2016
72338,BMW,5 Series,Diesel,Semi-automatic,Used,12971,97.0,2017
8081,SEAT,Ateca,Petrol,Automatic,Used,13690,73.0,2021
80293,Toyota,Yaris,Diesel,Semi-automatic,Used,10896,148.0,2018
165701,Mercedes-Benz,E-Class,Petrol,Manual,Demonstration,6994,64.0,2011
170365,Audi,A3,Diesel,Manual,Used,6481,165.0,2012
61404,Ford,Focus,Petrol,Manual,Used,6403,156.0,2015
164624,Ford,Mondeo,Diesel,Automatic,Used,3230,131.0,2011
103063,Mercedes-Benz,GLC,Petrol,Automatic,Used,10026,129.0,2012
58540,Volkswagen,Passat,Diesel,Manual,Used,9361,158.0,2019
84260,Skoda,Octavia,Petrol,Manual,Used,3764,118.0,2012
162191,Ford,Focus,Petrol,Manual,Used,3759,88.0,2012
38585,Ford,Focus,Hybrid,Manual,Used,8316,50.0,2016
136577,Audi,A6,Petrol,Automatic,Used,8365,164.0,2012
166322,Hyundai,i20,Petrol,Manual,Used,4378,123.0,2013
22958,SEAT,Leon,Petrol,Manual,Used,12559,239.0,2021
17402,Opel,Mokka,Diesel,Manual,Used,6293,107.0,2017
500,Mercedes-Benz,GLC,Petrol,Manual,Used,28160,129.0,2021
67452,Peugeot,508,Diesel,Semi-automatic,Used,4979,123.0,2014
15683,Toyota,Corolla,Petrol,Manual,Used,11799,140.0,2017
139118,Volkswagen,Passat,Diesel,Automatic,Used,5591,78.0,2013
124610,Hyundai,i20,Diesel,Automatic,Used,5711,121.0,2015
165421,Renault,Kadjar,Petrol,Automatic,Used,3197,158.0,2012
51092,BMW,3 Series,Petrol,Manual,Used,22251,99.0,2020
134583,Peugeot,3008,Diesel,Automatic,Demonstration,4953,158.0,2013
125431,BMW,X3,Petrol,Automatic,Used,8446,126.0,2013
52443,Volkswagen,Tiguan,Petrol,Manual,Used,10237,128.0,2016
89597,BMW,5 Series,Diesel,Automatic,Used,10023,176.0,2015
73753,Opel,Astra,Diesel,Manual,Used,5403,98.0,2014
90419,SEAT,Arona,Hybrid,Manual,Used,5854,50.0,2014
123112,Ford,Kuga,Electric,Manual,Used,5334,96.0,2014
10877,BMW,5 Series,Diesel,Automatic,Used,25483,93.0,2021
182265,Mercedes-Benz,E-Class,Petrol,Manual,Used,10318,50.0,2017
500,Toyota,Corolla,Diesel,Manual,Used,15742,110.0,2021
10622,Hyundai,i30,Electric,Manual,Used,18685,124.0,2021
10169,Peugeot,308,Petrol,Manual,Used,10964,158.0,2018
16427,BMW,5 Series,Diesel,Manual,Used,22281,63.0,2020
137852,Peugeot,308,Diesel,Automatic,Used,3247,125.0,2012
44571,Renault,Clio,Petrol,Manual,Used,10640,166.0,2021
74262,Skoda,Kodiaq,Diesel,Semi-automatic,New,8389,84.0,2016
53304,BMW,3 Series,Petrol,Automatic,New,23071,151.0,2018
119939,Hyundai,i20,Petrol,Automatic,Used,4313,194.0,2013
100963,Opel,Astra,Petrol,Automatic,Used,3671,50.0,2012
7176,Volkswagen,Tiguan,Petrol,Manual,Used,13660,126.0,2020
91632,Mercedes-Benz,E-Class,Diesel,Automatic,Used,13236,176.0,2015
152584,Ford,Fiesta,Diesel,Manual,Used,4109,90.0,2012
79563,Volkswagen,Polo,Diesel,Manual,Used,11891,174.0,2018
156789,Audi,A3,Petrol,Manual,Used,5254,134.0,2011
96174,Opel,Corsa,Diesel,Automatic,Demonstration,5589,204.0,2015
500,Hyundai,i20,Petrol,Automatic,Used,13411,153.0,2018
78891,BMW,1 Series,,Manual,Used,17209,195.0,2018
80644,Skoda,Octavia,Petrol,Automatic,Used,6827,138.0,2015
131149,Toyota,Corolla,Petrol,Manual,Used,5443,50.0,2015
76075,Peugeot,508,Diesel,Manual,Used,8569,86.0,2020
128423,Hyundai,Kona,Diesel,Manual,Used,3435,153.0,2013
129184,Mercedes-Benz,A-Class,Petrol,Automatic,Used,8415,165.0,2011
149416,Peugeot,208,Diesel,Manual,Used,3594,92.0,2012
57205,Hyundai,i30,Petrol,Manual,Used,9674,194.0,2019
78957,Audi,A3,,Manual,Used,11800,94.0,2016
145259,Opel,Insignia,Diesel,Automatic,Used,3523,141.0,2011
169724,Skoda,Fabia,Petrol,Automatic,Used,4053,141.0,2012
182415,Opel,Insignia,Diesel,Manual,Used,2472,50.0,2011
32880,Audi,A6,Diesel,Automatic,Used,18083,123.0,2019
32108,Hyundai,Kona,Hybrid,Automatic,Used,8952,232.0,2016
180973,Hyundai,i30,,Manual,Used,3288,63.0,2011
108144,Ford,Mondeo,Diesel,Manual,Demonstration,6158,135.0,2013
82502,Peugeot,308,Hybrid,Automatic,Used,6513,74.0,2017
80291,Ford,Kuga,Diesel,Manual,Used,7273,69.0,2017
500,Peugeot,3008,Hybrid,Manual,Used,10264,50.0,2020
167838,SEAT,Arona,Petrol,Automatic,Used,3079,162.0,2011
183009,Opel,Corsa,Diesel,Automatic,Used,2389,81.0,2011
187300,BMW,1 Series,Petrol,Automatic,Used,6176,177.0,2011
109108,SEAT,Leon,Petrol,Automatic,Used,4315,100.0,2015
500,Audi,A4,Diesel,Manual,Used,24600,118.0,2018
104698,Mercedes-Benz,E-Class,Diesel,Automatic,Used,15364,146.0,2018
149386,Mercedes-Benz,A-Class,Petrol,Manual,Used,8653,50.0,2013
17884,Hyundai,Tucson,Diesel,Automatic,Used,12119,136.0,2018
32428,BMW,3 Series,Diesel,Manual,New,27355,128.0,2018
143093,Peugeot,508,Diesel,Manual,Used,4630,158.0,2013
68792,Toyota,C-HR,Petrol,Manual,Used,9686,70.0,2019
87921,Volkswagen,Golf,Diesel,Automatic,Used,7882,87.0,2015
193893,SEAT,Arona,Petrol,Manual,New,3322,135.0,2011
42253,Skoda,Superb,Diesel,Automatic,Used,8845,188.0,2015
8514,Ford,Focus,Diesel,Manual,Used,12947,86.0,2019
500,Renault,Megane,Petrol,Manual,Used,10472,56.0,2018
103591,Ford,Mondeo,Diesel,Automatic,Used,4949,108.0,2013
97783,Opel,Corsa,Petrol,Manual,Used,5544,67.0,2019
177023,Opel,Mokka,Diesel,Automatic,Used,3743,142.0,2015
98211,Peugeot,308,Petrol,Semi-automatic,Used,4854,61.0,2016
142655,SEAT,Ibiza,Diesel,Automatic,Used,3480,164.0,2011
7243,Ford,Fiesta,Petrol,Manual,Demonstration,17677,125.0,2021
46567,Hyundai,Tucson,Diesel,Automatic,Used,12780,174.0,2020
80296,Peugeot,3008,Electric,Automatic,Used,6683,50.0,2013
54963,Hyundai,Kona,Diesel,Automatic,Used,7931,50.0,2017
95221,Renault,Clio,Diesel,Automatic,Used,8825,186.0,2019
53400,Ford,Mondeo,Petrol,Manual,Used,7628,78.0,2016
108784,Peugeot,3008,,Automatic,Used,4090,56.0,2013
15462,Audi,A3,Petrol,Manual,Used,22161,106.0,2021
144910,Audi,Q5,Petrol,Automatic,Used,6105,133.0,2013
98125,Opel,Corsa,Petrol,Automatic,Used,3776,116.0,2014
107694,Hyundai,Tucson,Petrol,Automatic,Used,6153,145.0,2015
51278,Skoda,Superb,Hybrid,Manual,Used,11922,129.0,2020
158651,Ford,Focus,Petrol,Automatic,Used,4363,138.0,2016
55581,Opel,Astra,Diesel,Manual,Used,7271,173.0,2018
28555,Audi,A6,Petrol,Manual,Used,23063,113.0,2020
68461,SEAT,Leon,Diesel,Automatic,New,16471,128.0,2021
10779,Ford,Focus,Diesel,Manual,Used,13408,150.0,2020
500,Skoda,Octavia,Diesel,Manual,Used,14756,139.0,2020
23759,Ford,Mondeo,Diesel,Automatic,Used,13173,89.0,2021
52666,Audi,A3,Diesel,Automatic,Used,25295,126.0,2021
72637,Hyundai,i20,Diesel,Automatic,Used,8779,147.0,2018
146604,Ford,Kuga,Petrol,Automatic,Used,3909,95.0,2012
99306,Volkswagen,Golf,Petrol,Automatic,Used,6493,97.0,2012
42957,Ford,Kuga,Hybrid,Manual,Used,12328,50.0,2019
163160,Skoda,Superb,Diesel,Manual,Used,4154,50.0,2014
1806,BMW,X3,Diesel,Automatic,Used,22876,111.0,2019
6434,Audi,A4,Petrol,Automatic,Used,27550,136.0,2021
46438,BMW,1 Series,Diesel,Manual,Used,12528,63.0,2018
20580,Skoda,Superb,Diesel,,Used,14571,175.0,2019
128677,Renault,Megane,Petrol,Automatic,Used,3801,76.0,2014
120516,Hyundai,i20,Petrol,Automatic,Used,6357,165.0,2015
30149,Ford,Fiesta,Diesel,Automatic,Used,14385,149.0,2021
10812,Toyota,Yaris,Petrol,Automatic,Used,18781,226.0,2019
77391,Mercedes-Benz,C-Class,Petrol,Semi-automatic,Used,11407,131.0,2013
24184,Peugeot,308,Electric,Automatic,Used,16998,65.0,2021
72293,Skoda,Octavia,Diesel,Manual,New,9963,157.0,2016
94341,Peugeot,208,Petrol,Automatic,Used,7664,205.0,2020
155958,Peugeot,308,Petrol,Automatic,Used,4548,50.0,2016
144674,Skoda,Superb,Diesel,Automatic,Demonstration,5839,155.0,2017
117096,Audi,A3,Petrol,Manual,Used,7547,145.0,2012
139928,Skoda,Fabia,Petrol,Automatic,Used,4454,113.0,2014
90483,Peugeot,208,Diesel,Automatic,Used,6257,50.0,2018
56542,Hyundai,i20,Petrol,Manual,Used,11122,101.0,2020
152596,Hyundai,i20,Petrol,Semi-automatic,Used,3388,79.0,2011
209771,Mercedes-Benz,E-Class,Petrol,Automatic,Used,5641,189.0,2011
60017,SEAT,Ateca,Diesel,Automatic,Used,9652,123.0,2018
109484,BMW,1 Series,Petrol,Automatic,Used,10075,105.0,2015
500,Renault,Captur,Diesel,Manual,Used,14456,88.0,2020
187567,Hyundai,Tucson,Petrol,Automatic,Used,3149,135.0,2011
110886,Volkswagen,Tiguan,Petrol,Manual,Used,5774,111.0,2014
181267,SEAT,Leon,Petrol,Automatic,Used,3323,84.0,2011
68229,Hyundai,Kona,Petrol,Automatic,Used,10437,139.0,2018
36333,Toyota,C-HR,Diesel,Automatic,Demonstration,14708,104.0,2020
148400,Ford,Kuga,Diesel,Automatic,Used,3143,50.0,2012
147531,BMW,1 Series,Petrol,,Used,7458,153.0,2014
23039,Hyundai,i20,Diesel,Manual,Used,11286,140.0,2020
114068,Hyundai,Kona,Petrol,Manual,Used,3812,114.0,2011
34913,Skoda,Superb,Petrol,Manual,New,14756,95.0,2021
1685,Hyundai,i20,Electric,Automatic,Used,17116,126.0,2020
103651,Volkswagen,Golf,Diesel,Automatic,Used,5773,158.0,2012
114221,SEAT,Ateca,Petrol,Automatic,Used,4528,93.0,2012
69917,Volkswagen,Polo,,Manual,Used,11436,151.0,2018
161622,Hyundai,i30,Electric,Automatic,Used,4283,54.0,2011
15356,Renault,Megane,Petrol,Manual,Used,9301,118.0,2016
151572,Toyota,C-HR,Petrol,Semi-automatic,Used,4455,106.0,2011
130923,Skoda,Fabia,Petrol,Automatic,Used,6833,170.0,2016
104205,Volkswagen,Golf,Diesel,Automatic,Demonstration,6563,82.0,2014
54208,Volkswagen,Polo,Petrol,Automatic,Used,10615,91.0,2018
66505,Ford,Focus,Petrol,Manual,Used,8226,51.0,2020
117842,Renault,Captur,Diesel,Manual,Used,4962,84.0,2016
95761,BMW,1 Series,Hybrid,Automatic,Used,17553,138.0,2018
500,Toyota,C-HR,Electric,Automatic,Used,17739,50.0,2017
75673,Mercedes-Benz,A-Class,Hybrid,Manual,Used,24020,95.0,2021
157274,Opel,Mokka,Petrol,Manual,Used,3592,134.0,2013
221152,Mercedes-Benz,E-Class,Diesel,Automatic,New,9425,117.0,2013
77619,Opel,Insignia,Petrol,Manual,Used,4545,112.0,2015
500,Opel,Astra,Diesel,Manual,Demonstration,10081,50.0,2019
30253,Volkswagen,Passat,Petrol,Manual,Demonstration,16174,109.0,2020
110362,Skoda,Superb,Diesel,Automatic,Used,5421,124.0,2014
172878,Peugeot,208,Electric,Manual,New,4864,99.0,2012
112622,Hyundai,Tucson,Diesel,Manual,Used,6679,118.0,2017
71945,Audi,A6,Diesel,Manual,Used,14055,97.0,2017
96575,Toyota,Corolla,Diesel,Manual,Used,6867,88.0,2015
153295,Toyota,RAV4,Petrol,Automatic,Used,4259,75.0,2013
21028,Hyundai,i30,Diesel,Manual,Used,13294,158.0,2020
18101,Ford,Fiesta,Diesel,Manual,Used,12855,59.0,2020
81300,Toyota,Yaris,Diesel,Automatic,Used,10241,135.0,2019
119092,Skoda,Fabia,Diesel,Automatic,Used,6599,208.0,2017
172939,Volkswagen,Tiguan,Hybrid,Manual,Used,5853,157.0,2013
99112,Audi,Q5,Petrol,Manual,Used,13332,132.0,2015
90107,Renault,Captur,Diesel,Automatic,Demonstration,4515,131.0,2011
129813,BMW,X3,Diesel,Automatic,Used,8053,116.0,2013
78471,Opel,Insignia,Diesel,Automatic,Used,6036,83.0,2015
100460,Peugeot,308,Diesel,Manual,Demonstration,5982,98.0,2015
141512,BMW,5 Series,Diesel,Automatic,Used,6735,146.0,2011
14274,Opel,Insignia,Diesel,Manual,Used,12738,133.0,2021
98625,Mercedes-Benz,GLC,Diesel,Manual,Used,8933,142.0,2013
45175,Skoda,Fabia,Diesel,Automatic,Demonstration,9839,180.0,2016
132794,Mercedes-Benz,A-Class,Petrol,Automatic,Used,12044,118.0,2016
56062,Hyundai,i30,Diesel,Manual,Used,7602,119.0,2016
30012,Volkswagen,Polo,Petrol,Manual,Used,14920,50.0,2020
78408,Hyundai,i30,Petrol,Automatic,Used,11533,230.0,2019
62001,Peugeot,208,Electric,Manual,Used,9434,95.0,2020
132820,Toyota,Corolla,Diesel,Manual,Used,6149,138.0,2015
145600,Toyota,RAV4,Petrol,Manual,Used,5800,88.0,2013
130340,Mercedes-Benz,A-Class,Electric,Manual,New,15871,89.0,2015
123058,Hyundai,Kona,Hybrid,Automatic,Used,6684,115.0,2017
134876,SEAT,Ibiza,Petrol,Manual,Used,3171,52.0,2014
25698,Hyundai,Kona,Diesel,Automatic,Demonstration,9723,50.0,2016
131501,Toyota,C-HR,Hybrid,Automatic,Used,6205,173.0,2012
99373,Skoda,Fabia,Petrol,Manual,Used,8142,136.0,2017
38052,Ford,Fiesta,Diesel,Automatic,Used,8983,86.0,2018
146704,BMW,5 Series,Diesel,Manual,Used,9637,130.0,2016
27789,BMW,X3,,Automatic,Used,27805,166.0,2020
17984,Ford,Mondeo,Diesel,Automatic,Used,14622,99.0,2021
69366,Peugeot,3008,Petrol,Automatic,Used,8399,148.0,2020
143600,Skoda,Superb,Diesel,Manual,Used,4222,151.0,2012
36170,Opel,Insignia,Petrol,Automatic,Used,8704,64.0,2020
151469,Mercedes-Benz,C-Class,Diesel,Automatic,Demonstration,7984,147.0,2014
53471,Skoda,Superb,Petrol,Manual,Used,8347,125.0,2015
95015,SEAT,Ibiza,Petrol,Manual,Used,6274,194.0,2015
149020,Hyundai,Kona,Electric,Manual,Used,5947,133.0,2014
32296,Renault,Kadjar,Diesel,Manual,Used,9231,96.0,2020
111357,SEAT,Ateca,Diesel,Manual,Used,7482,99.0,2018
500,Toyota,Corolla,Diesel,Automatic,Used,22281,221.0,2021
500,Opel,Insignia,Diesel,Semi-automatic,Used,14278,99.0,2021
131939,Hyundai,Tucson,Hybrid,Manual,Used,6244,135.0,2015
90303,Ford,Kuga,Diesel,Automatic,Used,8823,116.0,2018
83236,BMW,X3,Diesel,Automatic,Used,11463,174.0,2016
104014,Opel,Astra,Petrol,Manual,Used,5168,161.0,2016
71082,BMW,3 Series,Diesel,Semi-automatic,Used,13968,,2019
31515,BMW,5 Series,Diesel,Automatic,Used,17400,109.0,2018
500,Toyota,RAV4,Petrol,Automatic,Used,22707,111.0,2021
51640,Peugeot,308,Diesel,Manual,Used,7371,50.0,2019
106643,Mercedes-Benz,A-Class,Petrol,Manual,Used,9488,116.0,2017
500,Toyota,Corolla,Petrol,Automatic,Used,20521,134.0,2021
143072,Volkswagen,Tiguan,Diesel,Manual,Demonstration,4578,69.0,2012
36452,Audi,A4,Petrol,Manual,Demonstration,23162,50.0,2019
119629,Renault,Kadjar,Electric,Manual,Used,5010,118.0,2015
104696,Audi,A4,Diesel,Manual,Used,10159,124.0,2015
25894,Renault,Megane,Petrol,Manual,Used,10911,131.0,2019
163700,Toyota,RAV4,Diesel,Automatic,Used,4221,78.0,2014
11126,Volkswagen,Polo,Petrol,Manual,Used,15596,132.0,2020
79777,Volkswagen,Golf,Petrol,Automatic,Used,9239,117.0,2016
64298,Hyundai,i30,Diesel,Automatic,Used,6103,162.0,2014
95023,Skoda,Kodiaq,Petrol,Automatic,Demonstration,7044,79.0,2014
123063,Skoda,Octavia,Diesel,Manual,Used,5933,161.0,2015
26221,Opel,Corsa,Petrol,Manual,Used,11963,183.0,2021
170983,Opel,Insignia,Petrol,Automatic,New,4806,126.0,2012
109284,Renault,Captur,Diesel,Automatic,Used,7377,143.0,2016
103070,Skoda,Fabia,Diesel,Manual,Used,10306,149.0,2020
63825,BMW,3 Series,Electric,Automatic,Used,17584,79.0,2016
18320,SEAT,Ibiza,Diesel,Automatic,Used,10550,104.0,2017
83231,Renault,Megane,Diesel,Manual,Used,4725,116.0,2014
125372,BMW,1 Series,Diesel,Automatic,Used,6814,212.0,2012
25899,Ford,Focus,Petrol,Automatic,Used,10630,73.0,2018
18278,Peugeot,508,Diesel,Automatic,Used,15293,204.0,2021
133843,SEAT,Ateca,Petrol,Manual,New,5957,101.0,2016
158888,BMW,3 Series,Petrol,Manual,Used,7306,107.0,2015
167651,Volkswagen,Polo,Diesel,Manual,Demonstration,4467,161.0,2012
89945,Skoda,Octavia,Petrol,Manual,Used,12196,206.0,2021
17527,Opel,Mokka,Diesel,Manual,Used,13291,133.0,2020
500,Hyundai,Tucson,Diesel,Automatic,Used,13274,181.0,2020
156861,Skoda,Fabia,Petrol,Manual,Used,4465,67.0,2014
10649,Hyundai,i30,Diesel,Manual,New,13023,87.0,2017
78575,Mercedes-Benz,A-Class,Electric,Automatic,New,21258,63.0,2015
153204,Opel,Astra,Petrol,Manual,Used,3110,84.0,2013
131417,BMW,5 Series,Diesel,Manual,Used,7534,132.0,2013
98317,Skoda,Octavia,Hybrid,Automatic,Used,10166,134.0,2015
33672,Mercedes-Benz,A-Class,Petrol,Automatic,Used,21970,204.0,2017
149622,Opel,Insignia,Diesel,Manual,Used,2987,198.0,2012
95128,Ford,Fiesta,Petrol,,Used,9473,121.0,2018
90699,Mercedes-Benz,C-Class,Hybrid,Automatic,Used,15605,94.0,2016
942,BMW,5 Series,Diesel,Automatic,Used,27516,181.0,2020
76336,Skoda,Kodiaq,Diesel,Semi-automatic,Demonstration,7260,165.0,2014
136664,Hyundai,i20,Petrol,Manual,Used,3414,125.0,2011
133732,Mercedes-Benz,C-Class,Diesel,Manual,Used,7933,140.0,2014
27026,Ford,Focus,Diesel,Automatic,Used,11637,155.0,2021
91982,Mercedes-Benz,GLC,,Manual,Used,10933,64.0,2014
500,Peugeot,208,Electric,Manual,Used,12005,57.0,2018
44700,Ford,Kuga,Petrol,Manual,Used,12568,112.0,2020
88580,Hyundai,Kona,Diesel,Manual,Used,4865,99.0,2014
84117,Mercedes-Benz,A-Class,Diesel,Manual,Demonstration,15436,124.0,2018
108536,Volkswagen,Polo,Diesel,Manual,Used,6256,101.0,2013
85423,Skoda,Octavia,Diesel,Semi-automatic,Used,5665,50.0,2014
125361,SEAT,Ibiza,Petrol,Manual,Used,4969,50.0,2014
142519,Hyundai,i20,Diesel,Automatic,Used,6792,160.0,2018
56216,Toyota,C-HR,Petrol,Manual,Used,15182,84.0,2020
139768,Toyota,Yaris,Petrol,Manual,Used,5313,97.0,2013
132560,SEAT,Ibiza,Petrol,Automatic,Used,5039,98.0,2014
500,Ford,Mondeo,Electric,Manual,Used,18641,73.0,2020
50718,Opel,Corsa,Petrol,Manual,Used,5915,68.0,2016
2117,BMW,5 Series,Electric,Automatic,Used,19754,171.0,2016
120546,Opel,Insignia,Petrol,Manual,Demonstration,6486,101.0,2018
203459,Ford,Kuga,Petrol,Manual,Used,3726,135.0,2012
43749,Volkswagen,Tiguan,Diesel,Semi-automatic,Used,10198,149.0,2020
109729,Mercedes-Benz,E-Class,Diesel,Manual,Demonstration,13070,123.0,2015
5694,Skoda,Superb,Electric,Automatic,Used,13813,163.0,2018
97325,Ford,Mondeo,Diesel,Manual,Used,5945,110.0,2015
107734,Hyundai,i30,Hybrid,Manual,Used,9170,174.0,2019
79600,Opel,Corsa,Diesel,Manual,Used,6813,148.0,2017
130237,Hyundai,Kona,Petrol,Automatic,Used,4396,164.0,2012
73468,SEAT,Ibiza,Diesel,Manual,Used,6053,65.0,2013
78311,Volkswagen,Golf,Hybrid,Automatic,Used,16388,141.0,2020
87547,Mercedes-Benz,A-Class,Diesel,Automatic,Demonstration,14497,50.0,2016
58514,Renault,Kadjar,Diesel,Automatic,Used,6785,186.0,2014
117651,Skoda,Octavia,Electric,Manual,Used,5449,78.0,2012
105286,Audi,Q5,Diesel,Automatic,Demonstration,9089,99.0,2012
10389,Skoda,Kodiaq,Diesel,Automatic,Used,13378,68.0,2021
22257,Toyota,C-HR,Electric,Manual,Used,23512,113.0,2021
87387,Ford,Fiesta,Petrol,Automatic,Used,6359,112.0,2015
162197,Volkswagen,Polo,Diesel,Manual,Used,3453,189.0,2013
107758,Audi,A6,Petrol,Automatic,Used,12265,163.0,2015
187181,Hyundai,i20,Diesel,Semi-automatic,Used,2855,83.0,2012
62498,Peugeot,508,Diesel,Manual,Used,6532,50.0,2017
181586,Toyota,RAV4,Petrol,Manual,Used,5397,50.0,2017
500,Toyota,Corolla,Diesel,Automatic,Used,17307,84.0,2021
88383,BMW,X3,Petrol,Automatic,Used,13908,63.0,2014
99079,Audi,A6,Diesel,Automatic,Used,11874,138.0,2013
142617,Volkswagen,Passat,Electric,Manual,Used,6318,99.0,2012
44816,Volkswagen,Tiguan,Petrol,Automatic,Used,9816,125.0,2015
85310,Toyota,C-HR,Diesel,Automatic,Used,10229,83.0,2017
98314,Hyundai,Kona,Electric,Semi-automatic,Used,5390,112.0,2011
50658,BMW,X3,Petrol,Manual,Used,19238,50.0,2019
42706,Renault,Captur,Diesel,Semi-automatic,Used,7225,106.0,2016
31655,Skoda,Fabia,Hybrid,Manual,Used,13743,150.0,2019
111159,Volkswagen,Golf,Diesel,Automatic,Used,8667,109.0,2016
230641,Toyota,Corolla,Diesel,Manual,Used,2971,126.0,2012
127270,Toyota,C-HR,Diesel,Automatic,New,6025,50.0,2011
69739,Skoda,Octavia,Diesel,Manual,Used,7140,50.0,2017
64668,Renault,Captur,Petrol,Manual,Used,5615,125.0,2016
14555,Ford,Focus,Petrol,Manual,Used,8533,160.0,2019
4976,Peugeot,308,Electric,Automatic,Used,16714,118.0,2020
178842,Opel,Astra,Diesel,Automatic,Used,3270,218.0,2012
102918,Hyundai,Tucson,Diesel,Automatic,New,8051,58.0,2014
213726,Volkswagen,Tiguan,Diesel,Automatic,Used,3371,91.0,2013
164559,Mercedes-Benz,GLC,Diesel,Manual,Demonstration,7970,112.0,2012
129650,Hyundai,Tucson,Hybrid,Manual,Used,4061,126.0,2011
152165,Audi,A3,Petrol,Manual,New,8894,79.0,2011
61935,Audi,A6,Petrol,Manual,Used,12273,62.0,2016
178002,Peugeot,208,Petrol,Automatic,Used,2992,149.0,2012
77643,Mercedes-Benz,E-Class,Diesel,Manual,Used,8606,113.0,2013
103067,Skoda,Superb,Diesel,Automatic,Used,4644,105.0,2012
39296,Audi,A6,Diesel,Automatic,Used,19582,149.0,2018
98903,Mercedes-Benz,C-Class,Petrol,Automatic,Used,14793,120.0,2017
58157,Hyundai,Kona,Diesel,Manual,Used,9006,109.0,2021
198319,Mercedes-Benz,E-Class,Diesel,Automatic,Used,5847,113.0,2012
153543,BMW,1 Series,Petrol,Automatic,Used,7599,85.0,2013
87099,Renault,Captur,Diesel,Manual,Used,6399,68.0,2016
87812,Toyota,RAV4,Petrol,Automatic,Used,8850,103.0,2018
109942,BMW,X3,Diesel,Manual,Used,8336,107.0,2012
70437,Renault,Kadjar,Petrol,Automatic,Used,4435,50.0,2013
120282,Skoda,Octavia,Diesel,Automatic,Used,6036,167.0,2015
129801,Peugeot,3008,Electric,Automatic,Used,3930,121.0,2011
102714,BMW,3 Series,Petrol,Automatic,Used,9491,76.0,2015
49187,Hyundai,i30,Diesel,Automatic,Used,10539,201.0,2019
98684,SEAT,Arona,Petrol,Manual,Used,7034,112.0,2016
137823,Toyota,C-HR,Petrol,Manual,Used,5112,50.0,2015
119123,Ford,Fiesta,Petrol,Automatic,Used,5942,196.0,2016
21825,Hyundai,i30,Electric,Automatic,Used,19348,191.0,2021
74529,SEAT,Ateca,Petrol,Automatic,Used,7181,84.0,2016
93772,BMW,5 Series,Diesel,Manual,Used,11633,95.0,2016
500,Hyundai,i20,Diesel,Manual,Demonstration,16390,94.0,2021
143125,Peugeot,308,Diesel,Automatic,Used,2949,50.0,2012
241636,Audi,A4,,Automatic,Used,4472,136.0,2012
111377,Skoda,Superb,Hybrid,Manual,Used,7712,147.0,2015
135759,Ford,Mondeo,Petrol,Manual,Used,4676,138.0,2014
110308,Skoda,Superb,Diesel,Automatic,Used,5827,123.0,2013
185703,Hyundai,i30,Hybrid,Automatic,Used,4368,163.0,2012
56610,Toyota,RAV4,Petrol,Manual,Used,13416,63.0,2020
101857,Mercedes-Benz,GLC,Diesel,Automatic,Used,12712,208.0,2017
67521,Hyundai,i30,Electric,Manual,Used,10375,77.0,2018
186197,Opel,Corsa,Diesel,Manual,Used,2801,76.0,2012
164509,Renault,Clio,Petrol,Manual,Used,3592,82.0,2014
84908,Peugeot,508,Petrol,Manual,Used,6459,82.0,2017
85989,Opel,Mokka,Electric,Automatic,Used,5958,116.0,2016
91310,Opel,Astra,Diesel,Manual,Used,5810,102.0,2018
28356,Opel,Corsa,Diesel,Automatic,Used,8913,133.0,2018
79871,Toyota,Corolla,Petrol,Manual,Used,6031,72.0,2015
43134,Ford,Mondeo,Electric,Manual,Used,14823,120.0,2019
74053,Audi,A3,Diesel,Manual,Used,9642,58.0,2013
193966,Ford,Focus,Diesel,Manual,Used,2206,138.0,2011
500,Mercedes-Benz,E-Class,Hybrid,Automatic,Used,32982,162.0,2021
148498,Ford,Kuga,Petrol,Automatic,Used,3535,120.0,2011
112535,BMW,3 Series,Diesel,Automatic,Used,9543,94.0,2014
151375,BMW,X3,Diesel,Automatic,Used,8384,135.0,2012
122972,Renault,Captur,Petrol,Automatic,Demonstration,4686,82.0,2013
102642,Volkswagen,Tiguan,Petrol,Automatic,Used,6273,126.0,2015
147913,Skoda,Octavia,Petrol,Automatic,Used,3485,114.0,2012
74354,Peugeot,208,Petrol,Automatic,Used,6959,243.0,2016
500,Renault,Clio,Diesel,Manual,Demonstration,13575,60.0,2021
187852,Opel,Mokka,Petrol,Manual,Used,2714,50.0,2012
500,Mercedes-Benz,A-Class,Diesel,Automatic,Used,36541,,2021
97800,Hyundai,Tucson,Electric,Automatic,Demonstration,10154,50.0,2015
58589,Toyota,C-HR,Diesel,Manual,Used,8963,78.0,2017
119658,SEAT,Ateca,Diesel,Semi-automatic,Used,5592,51.0,2015
69100,BMW,3 Series,Diesel,Manual,Used,11293,67.0,2014
132508,Volkswagen,Passat,Diesel,Automatic,New,5796,73.0,2012
71417,Audi,A6,Diesel,Semi-automatic,Used,11516,154.0,2017
52453,BMW,3 Series,Petrol,Manual,Used,21964,113.0,2021
101626,Toyota,RAV4,Electric,Automatic,Used,8656,173.0,2016
33578,Mercedes-Benz,E-Class,Petrol,Automatic,Demonstration,19238,128.0,2017
42938,Audi,A3,Petrol,Automatic,Used,17943,169.0,2018
136012,Hyundai,i30,Diesel,Semi-automatic,Used,4979,95.0,2015
107973,Peugeot,308,Petrol,Automatic,Used,4964,193.0,2012
87247,Mercedes-Benz,E-Class,Diesel,Manual,Used,13305,131.0,2016
29681,Ford,Fiesta,Diesel,Automatic,Used,11847,94.0,2020
106498,Skoda,Superb,Diesel,Manual,Used,4306,136.0,2014
124351,SEAT,Leon,Diesel,Manual,Used,8339,115.0,2020
15554,Hyundai,i30,Petrol,Manual,Used,12391,105.0,2020
150742,Toyota,C-HR,Diesel,Manual,Used,4390,111.0,2013
48179,Hyundai,i20,Diesel,Automatic,Used,10494,160.0,2017
63471,Volkswagen,Polo,Petrol,Automatic,Used,10061,50.0,2019
120478,Mercedes-Benz,C-Class,Diesel,Semi-automatic,Used,10338,94.0,2016
39421,Skoda,Kodiaq,Petrol,Manual,Used,10379,143.0,2018
13085,Volkswagen,Golf,Diesel,Automatic,Used,17101,141.0,2021
43665,Ford,Mondeo,Electric,Automatic,Used,12461,75.0,2017
500,BMW,3 Series,Petrol,Manual,Used,24820,50.0,2020
81288,Hyundai,i30,Diesel,Automatic,Used,11039,205.0,2019
25610,Volkswagen,Passat,Electric,Manual,Demonstration,20524,105.0,2019
500,BMW,1 Series,Diesel,Automatic,Used,27293,197.0,2020
196787,Mercedes-Benz,C-Class,Diesel,Manual,Used,6309,143.0,2013
136927,BMW,3 Series,Petrol,Automatic,Used,7104,84.0,2011
141377,Skoda,Kodiaq,Petrol,Automatic,Used,4065,50.0,2012
192432,Ford,Fiesta,Diesel,Automatic,Demonstration,4014,101.0,2013
55039,Toyota,Yaris,Diesel,Manual,Used,11360,110.0,2018
84283,Audi,A6,Diesel,Manual,Used,12957,130.0,2016
47014,Skoda,Octavia,Petrol,Semi-automatic,Demonstration,9560,60.0,2016
107781,SEAT,Arona,Hybrid,Manual,Used,3989,113.0,2011
54176,SEAT,Arona,Diesel,Manual,Used,10418,120.0,2018
117698,Peugeot,508,Hybrid,Semi-automatic,Used,4753,153.0,2015
55693,Mercedes-Benz,E-Class,Diesel,Automatic,Used,21554,114.0,2019
133156,Skoda,Octavia,Petrol,Automatic,Used,4331,141.0,2012
120709,Peugeot,308,Electric,Manual,Used,6276,121.0,2014
100698,Toyota,Corolla,Petrol,Manual,New,7467,144.0,2011
136106,SEAT,Arona,Diesel,Automatic,Used,4690,86.0,2014
20649,SEAT,Ateca,Diesel,Manual,Used,14997,50.0,2021
159078,Toyota,C-HR,Diesel,Manual,Used,5678,99.0,2016
105262,SEAT,Arona,Petrol,Manual,Used,6117,99.0,2015
87007,Hyundai,Tucson,Hybrid,Automatic,Used,5821,71.0,2014
133225,BMW,3 Series,Diesel,,Used,7822,50.0,2013
48527,Ford,Focus,Diesel,Automatic,Used,8818,101.0,2018
30215,BMW,3 Series,Diesel,Manual,Used,23691,110.0,2021
45941,BMW,X3,Petrol,Manual,Used,18654,117.0,2019
902,Opel,Astra,Petrol,Semi-automatic,Demonstration,11863,50.0,2019
32749,Mercedes-Benz,GLC,Diesel,Semi-automatic,Used,14449,50.0,2016
159202,Ford,Focus,Petrol,Automatic,Used,5411,172.0,2012
108409,Opel,Mokka,Diesel,Automatic,Used,5226,118.0,2018
47777,SEAT,Ateca,Petrol,Manual,Used,10254,113.0,2019
118465,Hyundai,i20,Diesel,Manual,Used,5687,50.0,2016
185448,Toyota,Yaris,Diesel,Manual,Used,3963,106.0,2012
69338,Ford,Fiesta,Petrol,Manual,Used,8023,95.0,2018
500,Audi,A4,Petrol,Automatic,Used,29548,102.0,2021
141836,Peugeot,308,Petrol,Automatic,New,4643,56.0,2013
192248,BMW,X3,Petrol,Manual,Used,6646,67.0,2012
63546,Skoda,Octavia,Petrol,Manual,Used,10130,202.0,2019
146189,Opel,Astra,Diesel,Semi-automatic,Used,3465,92.0,2014
43811,Mercedes-Benz,A-Class,Hybrid,Automatic,Used,21087,163.0,2018
52918,SEAT,Arona,Hybrid,Manual,Used,9014,103.0,2018
130845,Audi,A4,Diesel,Manual,Used,6589,93.0,2013
163203,Mercedes-Benz,GLC,Hybrid,Manual,Used,7361,76.0,2011
115879,SEAT,Leon,Petrol,Manual,Used,6071,172.0,2017
22849,Mercedes-Benz,E-Class,Diesel,Manual,Used,14380,126.0,2015
31069,Renault,Clio,Petrol,Manual,Used,8654,78.0,2020
117218,BMW,5 Series,Diesel,Manual,Used,9269,90.0,2014
86997,Opel,Corsa,Petrol,Manual,Used,4348,155.0,2013
53512,Peugeot,3008,Hybrid,Manual,Used,10198,50.0,2020
19642,Mercedes-Benz,C-Class,Diesel,Manual,Used,20586,127.0,2019
62504,Peugeot,208,Petrol,Manual,Used,7584,135.0,2017
79707,Renault,Megane,Diesel,Automatic,Used,8600,96.0,2021
80349,Toyota,Yaris,Petrol,Automatic,Used,11413,135.0,2019
50107,Mercedes-Benz,C-Class,Petrol,Manual,Used,21513,137.0,2020
58327,Renault,Captur,Diesel,Manual,Used,6303,58.0,2019
99236,Hyundai,Kona,Petrol,Automatic,Used,7818,162.0,2015
234978,Peugeot,3008,Diesel,Manual,Used,2228,118.0,2011
103076,Mercedes-Benz,C-Class,Petrol,Automatic,Used,14538,119.0,2017
18766,Peugeot,508,Petrol,Semi-automatic,Used,10539,118.0,2019
500,BMW,X3,Petrol,Manual,Used,34227,147.0,2021
79839,SEAT,Ateca,Diesel,Manual,Used,9783,216.0,2018
73045,Opel,Astra,Petrol,Manual,Used,6648,138.0,2017
24987,Skoda,Superb,Petrol,Automatic,Used,10252,162.0,2017
165001,Skoda,Octavia,Petrol,Manual,Used,3484,115.0,2012
155584,Volkswagen,Passat,Petrol,Automatic,Used,3547,206.0,2011
183573,Skoda,Octavia,Electric,Manual,Used,3699,50.0,2011
45461,Hyundai,Kona,Diesel,Automatic,Used,11988,51.0,2020
23711,Opel,Astra,Diesel,Automatic,Used,10573,135.0,2019
157150,Audi,A6,Hybrid,Manual,Used,8812,137.0,2013
87573,Hyundai,i20,Diesel,Semi-automatic,Used,5388,50.0,2015
74849,BMW,X3,Electric,Automatic,Used,18759,125.0,2016
116371,Opel,Corsa,Petrol,Automatic,Used,4342,114.0,2013
144584,Skoda,Kodiaq,Electric,Semi-automatic,Used,5011,142.0,2015
110180,Opel,Insignia,Petrol,Automatic,Used,4667,142.0,2014
108036,Hyundai,i30,Petrol,Manual,Used,8505,50.0,2018
107422,Opel,Astra,Petrol,Automatic,Used,6425,79.0,2019
124145,Hyundai,Tucson,Petrol,Automatic,Used,2899,85.0,2012
500,Volkswagen,Polo,Diesel,Automatic,Used,11539,158.0,2016
51558,Renault,Clio,Diesel,Automatic,Used,8522,147.0,2021
18031,SEAT,Ateca,Diesel,Manual,Used,11137,86.0,2020
14683,Mercedes-Benz,C-Class,Hybrid,Manual,Used,21990,120.0,2019
24395,Mercedes-Benz,C-Class,Diesel,Manual,Used,23605,65.0,2019
150482,Renault,Clio,Petrol,Automatic,Used,3525,212.0,2011
60402,SEAT,Leon,Petrol,Manual,Used,11914,141.0,2021
50597,SEAT,Ibiza,Diesel,Manual,Used,11593,148.0,2019
74926,Volkswagen,Golf,Hybrid,Manual,Used,13138,176.0,2020
47298,SEAT,Leon,Diesel,Automatic,Used,12154,175.0,2020
124177,Hyundai,i20,Petrol,Manual,Demonstration,6142,108.0,2013
151337,Volkswagen,Golf,Petrol,Manual,Used,4311,97.0,2011
79656,Opel,Corsa,Diesel,Manual,Used,7394,170.0,2018
118715,Opel,Astra,Diesel,Manual,Used,4315,111.0,2016
199888,Toyota,C-HR,Petrol,Manual,Used,2981,71.0,2011
125846,Audi,A4,Diesel,Manual,Used,7643,195.0,2013
21132,Opel,Mokka,Petrol,Automatic,Used,13677,88.0,2021
140441,Renault,Kadjar,Petrol,Manual,New,4004,50.0,2014
121561,Volkswagen,Tiguan,Diesel,Manual,Used,6237,152.0,2013
20277,Peugeot,3008,Diesel,Automatic,Used,10303,94.0,2018
31781,Peugeot,308,Diesel,Manual,Used,7188,132.0,2018
111564,Renault,Captur,Petrol,Manual,Used,5171,190.0,2014
53177,SEAT,Ibiza,Petrol,Manual,Used,9838,52.0,2020
119064,Renault,Kadjar,Diesel,Manual,Used,4523,109.0,2017
102538,Peugeot,308,Petrol,Automatic,Used,4578,188.0,2012
99093,Toyota,Yaris,Petrol,Semi-automatic,Used,5835,139.0,2014
17475,Opel,Astra,Petrol,Manual,Used,9896,106.0,2020
192815,Opel,Astra,,Automatic,Used,2463,228.0,2011
146516,SEAT,Ibiza,Diesel,Automatic,Used,3182,116.0,2011
44959,Mercedes-Benz,A-Class,Diesel,Manual,New,21722,130.0,2018
55580,Toyota,Yaris,Petrol,Automatic,Used,10221,198.0,2015
151919,Peugeot,508,Petrol,Automatic,Used,3978,166.0,2013
84351,SEAT,Leon,Diesel,Automatic,Used,7625,184.0,2016
112108,Audi,A6,Diesel,Automatic,Used,8612,82.0,2013
95917,Ford,Fiesta,Petrol,Manual,Used,6268,164.0,2015
174445,Opel,Astra,Diesel,Automatic,Used,2860,130.0,2013
39829,SEAT,Ibiza,Petrol,Manual,Used,7708,77.0,2017
30542,Peugeot,3008,Diesel,Automatic,Used,11470,137.0,2018
58829,Renault,Captur,Diesel,Manual,Used,10852,124.0,2021
167652,Hyundai,i30,Petrol,Manual,Demonstration,3378,189.0,2011
143441,Hyundai,i30,Diesel,Manual,Demonstration,4057,125.0,2014
149061,Renault,Kadjar,Petrol,Automatic,Used,2803,87.0,2013
73763,Ford,Mondeo,Diesel,Automatic,Used,7470,80.0,2017
77810,SEAT,Leon,Diesel,Automatic,Used,7376,123.0,2016
59105,Opel,Astra,Petrol,Manual,Used,8320,53.0,2020
55682,SEAT,Leon,Diesel,Manual,Used,11393,83.0,2021
82947,Peugeot,3008,Petrol,Manual,Demonstration,8927,102.0,2019
93508,Ford,Kuga,Petrol,Manual,Demonstration,4931,88.0,2013
210672,Skoda,Octavia,Hybrid,Manual,Used,3808,138.0,2011
17472,Volkswagen,Golf,Diesel,Automatic,Demonstration,17512,96.0,2020
500,Renault,Megane,Diesel,Automatic,Used,13006,50.0,2021
129074,Opel,Mokka,Diesel,Manual,Used,3107,50.0,2013
194089,Opel,Astra,Electric,Manual,Used,2999,104.0,2011
78916,Skoda,Fabia,Diesel,Automatic,Used,11657,101.0,2018
66061,Mercedes-Benz,C-Class,Diesel,Automatic,Used,14120,70.0,2017
59318,SEAT,Ibiza,Petrol,Automatic,Used,10212,217.0,2020
79895,Renault,Captur,Diesel,Automatic,Used,6245,163.0,2017
24946,Ford,Fiesta,Petrol,Manual,Used,10871,110.0,2019
20219,BMW,5 Series,Petrol,Manual,Used,19671,123.0,2019
179358,Ford,Mondeo,Petrol,Semi-automatic,Used,2606,93.0,2011
147112,Mercedes-Benz,C-Class,Petrol,Automatic,Used,7400,65.0,2012
500,Ford,Focus,Diesel,Automatic,Used,16507,174.0,2019
179651,SEAT,Arona,Petrol,Manual,Used,3188,144.0,2012
118190,BMW,X3,Petrol,Automatic,Used,8320,50.0,2013
100724,Renault,Clio,Diesel,Manual,Used,7232,123.0,2019
85895,Mercedes-Benz,E-Class,Electric,Automatic,Used,15202,137.0,2013
143675,Toyota,RAV4,Petrol,Manual,Used,5108,92.0,2012
140501,Renault,Megane,Electric,Automatic,Used,4432,214.0,2011
55860,Audi,A6,Petrol,Manual,Used,15044,199.0,2016
42962,Skoda,Superb,Diesel,Manual,Used,8970,95.0,2018
106970,BMW,5 Series,Petrol,Manual,Used,15689,103.0,2019
35018,BMW,1 Series,Diesel,Automatic,Used,20329,114.0,2020
32290,Hyundai,i30,Diesel,Automatic,Used,9178,99.0,2018
500,Peugeot,508,Diesel,Semi-automatic,Used,10815,72.0,2019
74752,BMW,3 Series,Diesel,Automatic,Used,12808,145.0,2013
101224,Audi,A4,Diesel,Automatic,Used,12210,211.0,2014
97821,Mercedes-Benz,A-Class,Petrol,Automatic,Used,11814,193.0,2014
157158,Ford,Mondeo,Diesel,Manual,Used,2983,141.0,2011
500,Audi,A3,Petrol,Automatic,Used,32682,50.0,2021
131791,Audi,Q5,Petrol,Automatic,Used,8046,50.0,2013
140971,Skoda,Octavia,Petrol,Automatic,Used,5666,172.0,2015
176799,Mercedes-Benz,E-Class,Diesel,Manual,Used,8523,181.0,2014
98694,Toyota,Corolla,Petrol,Manual,Used,4725,130.0,2011
1951,Renault,Megane,Petrol,Manual,Used,10211,100.0,2020
105102,Peugeot,508,Electric,Automatic,Used,5551,183.0,2013
155100,Mercedes-Benz,A-Class,Diesel,Automatic,Used,7075,155.0,2012
77308,Renault,Kadjar,Diesel,Manual,Used,4440,159.0,2014
208879,Toyota,Corolla,Petrol,Manual,Used,2758,50.0,2012
16523,Mercedes-Benz,GLC,Diesel,Automatic,Used,32614,145.0,2021
130690,Peugeot,308,Petrol,Manual,Used,4325,187.0,2013
175745,Ford,Kuga,Petrol,Manual,Used,3616,132.0,2014
134438,Peugeot,3008,Petrol,Automatic,Used,4554,165.0,2013
179011,Opel,Insignia,Hybrid,Manual,Used,2800,107.0,2011
138722,Peugeot,3008,Petrol,Manual,Used,2975,110.0,2011
42032,BMW,5 Series,Electric,Manual,Used,16787,173.0,2016
113637,Ford,Kuga,Petrol,Manual,Used,4776,77.0,2013
241544,Audi,Q5,Diesel,Automatic,Demonstration,6086,85.0,2011
142156,Mercedes-Benz,E-Class,Petrol,Automatic,Used,9266,101.0,2014
129609,Audi,A6,Petrol,Semi-automatic,Used,9820,109.0,2014
70827,Ford,Focus,Hybrid,Semi-automatic,Used,6953,50.0,2015
46894,BMW,5 Series,Diesel,Manual,Used,25158,148.0,2021
72481,Renault,Kadjar,Diesel,Manual,Used,4938,101.0,2014
5153,Skoda,Superb,Petrol,Automatic,Used,9445,165.0,2018
25439,Peugeot,208,Diesel,Manual,Demonstration,9587,50.0,2019
233407,Renault,Captur,Petrol,Semi-automatic,Used,2087,144.0,2011
156426,BMW,1 Series,Petrol,Manual,Demonstration,12057,170.0,2016
89207,Volkswagen,Golf,Diesel,Automatic,Used,7888,144.0,2015
66403,Opel,Astra,Diesel,Automatic,Used,6356,126.0,2016
92587,Opel,Corsa,Petrol,Automatic,Demonstration,4309,160.0,2012
92731,Mercedes-Benz,A-Class,Diesel,Automatic,Used,16932,182.0,2016
155670,Peugeot,308,Petrol,Automatic,Used,4026,145.0,2012
42634,Skoda,Kodiaq,Petrol,Manual,Used,12502,142.0,2021
106875,Renault,Kadjar,Petrol,Automatic,Used,5228,201.0,2017
158090,BMW,X3,Diesel,Automatic,Used,5078,154.0,2011
109461,Peugeot,308,Diesel,Manual,Used,5587,74.0,2016
500,Mercedes-Benz,C-Class,Petrol,Automatic,Used,32666,187.0,2021
63796,Opel,Mokka,Diesel,Manual,Used,6967,107.0,2019
102247,Opel,Mokka,Diesel,Manual,Used,4429,109.0,2014
46081,Peugeot,308,Hybrid,Semi-automatic,Demonstration,10529,119.0,2020
148248,Audi,A6,Diesel,Manual,Used,8411,151.0,2013
137408,Mercedes-Benz,GLC,Diesel,Automatic,Used,8867,201.0,2013
177809,Ford,Kuga,Hybrid,Manual,Demonstration,3598,107.0,2012
500,Ford,Focus,Diesel,Automatic,Used,16122,208.0,2021
22728,Mercedes-Benz,A-Class,Diesel,Manual,Used,19443,119.0,2018
80548,Mercedes-Benz,GLC,Petrol,Manual,Used,14683,173.0,2016
9486,Mercedes-Benz,GLC,Petrol,Automatic,Used,26400,136.0,2018
120760,Opel,Corsa,Electric,Automatic,Used,5573,100.0,2013
151888,Ford,Kuga,Petrol,Automatic,Used,3904,206.0,2011
75839,Ford,Fiesta,Hybrid,Manual,Demonstration,12036,88.0,2020
19989,Renault,Captur,Diesel,Manual,Used,10456,86.0,2021
201030,Mercedes-Benz,C-Class,Petrol,Automatic,Used,4297,63.0,2011
175559,Toyota,Corolla,Diesel,Automatic,Used,3961,177.0,2011
56252,Peugeot,308,Electric,Automatic,Used,9388,194.0,2017
169680,Mercedes-Benz,E-Class,Hybrid,Semi-automatic,Used,7858,122.0,2011
85530,Audi,A4,Diesel,Automatic,Used,15028,83.0,2018
56769,Mercedes-Benz,C-Class,Petrol,Automatic,Used,26629,130.0,2021
115369,Audi,A6,Petrol,Automatic,Used,9293,109.0,2014
62337,Ford,Fiesta,Diesel,Automatic,Demonstration,6748,77.0,2014
500,BMW,1 Series,Petrol,Automatic,Used,27876,107.0,2020
108576,Volkswagen,Golf,Hybrid,Manual,Used,7366,131.0,2014
53173,Opel,Insignia,Diesel,Automatic,Used,5267,95.0,2013
227829,Renault,Clio,Diesel,Automatic,Used,2187,133.0,2011
50893,Audi,A6,Hybrid,Automatic,Demonstration,28255,50.0,2020
500,Toyota,Corolla,Diesel,Manual,Used,19769,191.0,2021
126162,Ford,Fiesta,Petrol,Manual,Used,2734,87.0,2011
80984,Toyota,RAV4,Petrol,Automatic,Used,11186,167.0,2019
111023,Mercedes-Benz,GLC,Petrol,Automatic,Used,10168,129.0,2012
114362,Skoda,Fabia,Diesel,Manual,Used,4069,124.0,2012
78192,Peugeot,508,Diesel,Manual,Used,4292,58.0,2015
108993,Volkswagen,Golf,Petrol,Automatic,Used,7001,90.0,2015
51728,Hyundai,i30,Petrol,Semi-automatic,Used,11089,81.0,2020
101744,Ford,Fiesta,Petrol,Manual,Used,7151,113.0,2018
186574,Opel,Mokka,Electric,Manual,Used,3919,166.0,2012
75027,SEAT,Ibiza,Diesel,Manual,Used,9286,130.0,2017
65718,SEAT,Leon,Electric,Manual,Used,9635,73.0,2020
36515,Volkswagen,Polo,Petrol,Manual,Used,11395,116.0,2018
71270,Toyota,C-HR,Hybrid,Automatic,Used,5671,118.0,2013
126510,SEAT,Leon,Diesel,Automatic,Used,4508,105.0,2012
76781,Hyundai,Kona,Diesel,Manual,Used,5758,108.0,2015
67880,Opel,Insignia,Petrol,Manual,Used,5671,144.0,2016
86422,SEAT,Ateca,Electric,Semi-automatic,Used,7870,76.0,2014
133861,Opel,Mokka,Hybrid,Manual,Used,2945,90.0,2012
171701,Toyota,Yaris,Diesel,Automatic,Used,3531,165.0,2012
150034,Peugeot,308,Petrol,Manual,Used,3331,131.0,2016
500,Toyota,RAV4,Diesel,Automatic,Used,22370,188.0,2021
29929,Skoda,Octavia,Petrol,Automatic,Used,12592,191.0,2017
77299,Peugeot,208,Petrol,Manual,Used,5185,50.0,2015
41801,Ford,Focus,Petrol,Automatic,New,15525,143.0,2021
52827,Opel,Mokka,Diesel,Automatic,Used,8602,104.0,2018
34656,Peugeot,3008,Hybrid,Manual,Used,12418,58.0,2018
100086,Volkswagen,Polo,Diesel,Automatic,Used,8510,90.0,2017
78474,Renault,Captur,Petrol,Manual,Used,6409,99.0,2019
89343,Volkswagen,Passat,Petrol,Manual,Used,9165,97.0,2016
46432,Skoda,Kodiaq,Petrol,Semi-automatic,Used,7901,84.0,2017
84460,Opel,Mokka,Petrol,Manual,Used,5702,110.0,2017
36836,Opel,Mokka,Petrol,Manual,Used,6370,223.0,2019
21565,Opel,Astra,Diesel,Manual,Used,9223,50.0,2020
102066,Opel,Mokka,Diesel,Semi-automatic,Used,3764,159.0,2014
92374,Ford,Fiesta,Petrol,Manual,Used,9047,111.0,2018
173746,Opel,Corsa,Petrol,Manual,New,2890,85.0,2011
126250,Skoda,Superb,Petrol,Automatic,Used,6807,50.0,2016
76771,Peugeot,3008,Diesel,Automatic,Used,9355,163.0,2020
76064,Skoda,Fabia,Diesel,Automatic,Used,9314,62.0,2018
117273,SEAT,Arona,Petrol,Semi-automatic,Used,4871,144.0,2013
111411,Toyota,Yaris,Petrol,Manual,Used,8163,189.0,2017
136298,Hyundai,i20,Petrol,Automatic,Used,4257,65.0,2014
196118,BMW,3 Series,Petrol,Automatic,Used,7130,177.0,2015
145854,Renault,Kadjar,Diesel,Manual,Used,3628,108.0,2013
99419,Mercedes-Benz,E-Class,Diesel,Automatic,Used,10601,50.0,2017
145165,Mercedes-Benz,E-Class,Diesel,Automatic,Demonstration,11019,68.0,2013
101532,Peugeot,3008,Petrol,Manual,Used,5183,117.0,2015
5942,Volkswagen,Polo,Diesel,Manual,Demonstration,19046,133.0,2021
55299,Toyota,RAV4,Diesel,Manual,Used,11495,50.0,2019
123241,Peugeot,208,Hybrid,Automatic,Used,5169,125.0,2015
55404,Hyundai,i20,Diesel,Manual,Used,11522,152.0,2021
175810,Renault,Kadjar,Petrol,Automatic,Used,2428,165.0,2011
500,Toyota,Corolla,Diesel,Manual,Used,17937,96.0,2021
108560,BMW,3 Series,Diesel,Semi-automatic,Used,9438,128.0,2014
500,Toyota,Corolla,Diesel,Automatic,Used,18093,177.0,2020
73142,BMW,5 Series,Electric,Manual,Used,30724,153.0,2021
56059,Audi,A4,Petrol,Manual,Demonstration,16028,151.0,2017
108860,BMW,5 Series,,Automatic,Used,12843,131.0,2017
54679,Ford,Kuga,Hybrid,Manual,Used,8978,109.0,2019
145631,Renault,Clio,Diesel,Manual,Used,3677,119.0,2013
145889,Audi,A4,Petrol,Automatic,Used,7197,87.0,2012
92427,Peugeot,308,Diesel,Automatic,Used,5378,173.0,2014
56101,SEAT,Ateca,Petrol,Automatic,Used,7447,56.0,2016
105496,SEAT,Arona,Petrol,Automatic,Used,7692,105.0,2019
138989,Hyundai,Kona,Diesel,Automatic,Used,5671,120.0,2013
114384,Opel,Corsa,Hybrid,Automatic,Used,6447,147.0,2017
213472,Ford,Kuga,Petrol,Manual,Used,2757,135.0,2011
150620,Hyundai,i20,Diesel,Automatic,New,4283,187.0,2011
29823,Skoda,Superb,Diesel,Automatic,Used,16723,133.0,2021
31575,SEAT,Ibiza,Petrol,Automatic,Used,11993,97.0,2020
500,Audi,A3,Petrol,Semi-automatic,Used,26308,107.0,2020
113508,Mercedes-Benz,A-Class,Diesel,Manual,Demonstration,12143,94.0,2014
110563,Mercedes-Benz,C-Class,Petrol,Automatic,Used,12771,148.0,2016
42534,Mercedes-Benz,E-Class,Diesel,Manual,Used,16602,64.0,2018
123630,Mercedes-Benz,C-Class,Hybrid,Manual,New,9421,99.0,2013
38932,Renault,Captur,Diesel,Manual,Used,8953,186.0,2019
133904,Volkswagen,Tiguan,Petrol,Semi-automatic,Used,7330,120.0,2018
40808,SEAT,Ateca,Petrol,Manual,Used,6076,62.0,2015
122558,Hyundai,Kona,Petrol,Automatic,Used,6453,109.0,2015
111133,Peugeot,308,Electric,Automatic,Used,6503,50.0,2014
22577,Ford,Focus,Hybrid,Automatic,Used,10710,125.0,2019
5274,Volkswagen,Golf,Diesel,Automatic,Used,20150,204.0,2021
38358,Toyota,Yaris,Diesel,Manual,New,17408,62.0,2021
70358,Volkswagen,Golf,Petrol,Manual,Used,11235,50.0,2019
126511,Renault,Megane,Diesel,Automatic,Used,3828,94.0,2014
83246,Renault,Clio,Petrol,Manual,Demonstration,7999,154.0,2019
179409,Mercedes-Benz,A-Class,Diesel,Manual,Used,8116,184.0,2013
58573,Renault,Clio,Electric,Manual,Used,12772,134.0,2020
115883,Mercedes-Benz,A-Class,Petrol,Manual,Demonstration,11393,50.0,2013
122305,Mercedes-Benz,E-Class,Petrol,Semi-automatic,Used,10102,108.0,2015
167472,Peugeot,3008,Diesel,Automatic,Used,2788,202.0,2012
136453,Hyundai,Tucson,Hybrid,Automatic,New,6185,106.0,2011
50070,Audi,Q5,Petrol,Manual,Used,14842,115.0,2015
4203,Hyundai,i30,Petrol,Semi-automatic,Used,10922,122.0,2017
167445,Toyota,Corolla,Petrol,Automatic,Used,3414,50.0,2011
40431,Peugeot,3008,Diesel,Semi-automatic,Used,9038,159.0,2020
108638,BMW,X3,Diesel,Manual,Used,8650,144.0,2012
51611,Audi,A4,Diesel,Manual,Used,18829,50.0,2021
140328,Renault,Captur,Petrol,Automatic,Used,3453,62.0,2013
152231,Hyundai,i30,Petrol,Automatic,Used,6413,80.0,2015
162969,Peugeot,308,Diesel,Manual,Used,3906,140.0,2012
500,Opel,Corsa,Hybrid,Manual,Used,13105,80.0,2020
61040,Mercedes-Benz,GLC,Diesel,Automatic,Used,18856,146.0,2019
188454,Hyundai,Tucson,Petrol,Semi-automatic,Used,2539,97.0,2011
130833,Audi,A3,Petrol,Automatic,Used,8564,124.0,2012
24527,Ford,Mondeo,Diesel,Automatic,Used,12294,148.0,2017
33510,Hyundai,Tucson,Diesel,Automatic,Used,11697,141.0,2020
114970,Skoda,Octavia,Petrol,Automatic,Used,4620,120.0,2012
174231,Audi,A6,Petrol,Manual,Used,6822,122.0,2013
75749,Volkswagen,Passat,Diesel,Manual,Used,7152,120.0,2016
210361,Opel,Mokka,Petrol,Automatic,Used,2050,112.0,2012
45654,Hyundai,i30,Petrol,Automatic,New,8034,104.0,2014
169718,Opel,Insignia,,Manual,Used,2829,190.0,2011
140029,Renault,Megane,Petrol,Manual,Used,4608,90.0,2016
28839,Audi,A4,Petrol,Automatic,Used,23886,189.0,2018
99428,Peugeot,3008,Electric,Automatic,Used,5433,93.0,2015
120894,Peugeot,508,Petrol,Manual,New,4467,143.0,2013
81068,SEAT,Arona,Diesel,Automatic,Used,7361,204.0,2015
98562,Peugeot,508,Petrol,Manual,Demonstration,5551,95.0,2016
104660,Skoda,Superb,Diesel,Manual,Used,4215,76.0,2012
146116,Ford,Kuga,Hybrid,Manual,Used,4657,87.0,2012
168060,Renault,Megane,Petrol,Manual,Used,2667,105.0,2012
7472,Toyota,C-HR,Diesel,Manual,Used,16180,129.0,2021
24993,Toyota,Corolla,Petrol,Automatic,Used,12609,125.0,2018
186056,Mercedes-Benz,E-Class,Diesel,Automatic,Used,6356,102.0,2012
145559,Renault,Kadjar,Electric,Automatic,Used,5879,211.0,2014
68558,Volkswagen,Passat,Hybrid,Automatic,Used,8214,115.0,2015
104706,Skoda,Fabia,Petrol,Semi-automatic,Used,4563,78.0,2012
500,Skoda,Kodiaq,Petrol,Manual,Used,17081,151.0,2020
34085,Ford,Mondeo,Petrol,Manual,Used,16730,153.0,2021
144645,Hyundai,i30,Diesel,Manual,Used,3489,171.0,2013
192653,Toyota,RAV4,Diesel,Automatic,Used,3924,207.0,2011
123585,Volkswagen,Polo,Electric,Manual,Used,6830,123.0,2013
42634,Mercedes-Benz,A-Class,Diesel,Automatic,Used,18011,113.0,2017
77160,Mercedes-Benz,GLC,Diesel,Automatic,Used,16171,50.0,2019
100629,Toyota,RAV4,Diesel,Automatic,Used,7133,81.0,2014
126529,Skoda,Kodiaq,Hybrid,Manual,Demonstration,7071,117.0,2014
80753,Renault,Captur,Hybrid,Manual,Demonstration,7043,54.0,2013
145057,Peugeot,508,Diesel,Manual,Used,2427,50.0,2011
200329,Peugeot,308,Diesel,Automatic,Used,2024,123.0,2011
79930,BMW,5 Series,Petrol,Automatic,Used,15783,159.0,2015
103508,BMW,5 Series,Diesel,Automatic,Used,13105,115.0,2017
83414,Ford,Mondeo,Hybrid,Automatic,Used,5227,160.0,2011
115421,Ford,Kuga,Electric,Manual,Used,6215,135.0,2013
9003,Renault,Clio,Petrol,Manual,Used,10361,167.0,2021
75989,BMW,3 Series,Diesel,Manual,Used,21925,213.0,2021
19083,Ford,Kuga,Petrol,Manual,Used,11467,230.0,2018
113485,Mercedes-Benz,GLC,Hybrid,Manual,Used,15184,143.0,2016
111993,Mercedes-Benz,E-Class,Diesel,Manual,Used,13970,90.0,2017
79748,Mercedes-Benz,A-Class,Electric,Automatic,Used,18955,127.0,2015
121927,Mercedes-Benz,GLC,Diesel,Manual,Used,9417,178.0,2013
109957,Skoda,Superb,Hybrid,Manual,Used,7820,69.0,2015
8148,Ford,Mondeo,Petrol,Manual,Used,12502,177.0,2018
44071,Opel,Insignia,Diesel,Manual,New,9668,104.0,2018
104664,Opel,Insignia,Petrol,Manual,Used,5436,122.0,2018
93293,Renault,Kadjar,Diesel,Manual,New,7222,75.0,2017
159514,Toyota,RAV4,Diesel,Manual,Used,3914,50.0,2011
78958,Skoda,Octavia,Electric,Semi-automatic,Used,8676,98.0,2017
50332,SEAT,Leon,Diesel,Manual,Demonstration,12786,173.0,2020
87034,Renault,Clio,Hybrid,Manual,Used,6600,80.0,2018
55526,Renault,Captur,Diesel,Manual,Used,6272,184.0,2017
188715,BMW,3 Series,Petrol,Manual,New,7106,81.0,2013
91072,Hyundai,Tucson,Hybrid,Automatic,Used,9626,80.0,2019
128704,BMW,5 Series,Petrol,Manual,Used,10353,120.0,2015
105496,Ford,Focus,Electric,,Demonstration,6998,153.0,2013
54292,SEAT,Ibiza,Hybrid,Automatic,Used,6802,133.0,2016
138569,Ford,Kuga,Petrol,Automatic,Used,5758,128.0,2012
17127,Mercedes-Benz,C-Class,Petrol,Manual,Used,32090,187.0,2021
500,Hyundai,Kona,Diesel,Manual,Used,12432,116.0,2018
137314,Volkswagen,Tiguan,Diesel,Manual,Used,6539,87.0,2014
90061,Mercedes-Benz,A-Class,Diesel,Automatic,Used,17464,77.0,2019
185177,Hyundai,i20,Petrol,Manual,Used,2903,162.0,2011
81338,Renault,Kadjar,Petrol,Automatic,Used,6521,105.0,2015
32196,BMW,X3,Petrol,Manual,Used,20909,97.0,2018
175495,Peugeot,308,Hybrid,Manual,Used,3290,152.0,2011
54634,Hyundai,i20,Diesel,Manual,Used,10490,204.0,2018
45506,BMW,X3,Hybrid,Manual,Used,19633,125.0,2020
96060,Ford,Mondeo,Diesel,Automatic,Used,7350,120.0,2017
173216,Opel,Astra,Diesel,Automatic,New,5099,122.0,2013
5376,BMW,3 Series,Petrol,Manual,Used,23953,93.0,2019
127757,Mercedes-Benz,E-Class,Diesel,Manual,New,10247,92.0,2014
32278,Mercedes-Benz,A-Class,Petrol,Automatic,Used,21105,112.0,2019
71548,Mercedes-Benz,E-Class,Petrol,Manual,Used,18568,152.0,2017
180254,Ford,Fiesta,Petrol,Automatic,Demonstration,4115,117.0,2012
184059,Opel,Corsa,Diesel,Manual,Used,2739,167.0,2012
213946,Mercedes-Benz,C-Class,Diesel,Automatic,New,7432,115.0,2011
179896,Audi,A3,Diesel,Automatic,Used,5758,103.0,2011
116149,Mercedes-Benz,C-Class,Petrol,Manual,Used,9542,166.0,2014
156149,Peugeot,3008,Diesel,Automatic,Used,2767,121.0,2011
500,Mercedes-Benz,GLC,Diesel,Manual,Used,32193,109.0,2021
61891,Toyota,Corolla,Petrol,Manual,Used,13878,117.0,2021
138734,Skoda,Octavia,Hybrid,Automatic,Used,5637,187.0,2012
137706,Peugeot,308,Petrol,Manual,Used,4311,122.0,2014
68765,SEAT,Arona,Diesel,Manual,Used,11114,169.0,2019
16414,Audi,A3,Petrol,Automatic,Used,22183,116.0,2018
42683,SEAT,Leon,Diesel,Automatic,Used,10458,175.0,2017
69146,Audi,A6,Diesel,Manual,Used,21120,126.0,2021
85165,BMW,5 Series,Diesel,Automatic,Demonstration,14647,166.0,2017
39680,Audi,A4,Hybrid,Manual,Used,20175,155.0,2018
85578,Audi,A4,Petrol,Automatic,Used,13908,83.0,2016
128018,BMW,5 Series,Diesel,Manual,Used,11141,113.0,2016
152701,Volkswagen,Passat,Petrol,Automatic,Used,6755,166.0,2014
38687,Hyundai,Tucson,Hybrid,Manual,Used,8782,160.0,2016
72200,Skoda,Octavia,Diesel,Manual,Used,12608,171.0,2021
138815,Ford,Focus,Petrol,Automatic,Used,5305,129.0,2015
144663,Hyundai,i30,Diesel,Manual,Used,4586,175.0,2012
33290,Mercedes-Benz,GLC,Diesel,Manual,Used,18256,81.0,2017
81890,Ford,Focus,Electric,Manual,Used,11459,50.0,2019
31675,Toyota,Yaris,Diesel,Automatic,Used,16164,118.0,2021
38977,SEAT,Ateca,Petrol,Manual,Used,8087,164.0,2016
36877,Ford,Fiesta,Diesel,,Used,9226,79.0,2019
244416,Audi,A3,Petrol,Manual,Demonstration,4544,50.0,2013
105578,Volkswagen,Golf,Petrol,Automatic,Used,7161,50.0,2015
79031,BMW,X3,Electric,Automatic,Used,16350,157.0,2015
84703,BMW,X3,Petrol,Manual,Used,10160,50.0,2014
122023,Peugeot,3008,Petrol,Automatic,Used,7311,152.0,2018
59672,SEAT,Leon,Diesel,Manual,Used,10345,99.0,2020
169260,Opel,Insignia,Diesel,Manual,Used,3028,73.0,2014
158686,Peugeot,508,Petrol,Automatic,Used,3125,76.0,2012
73891,BMW,5 Series,Petrol,Automatic,Used,20143,138.0,2020
500,Mercedes-Benz,E-Class,Diesel,Automatic,Used,26411,95.0,2020
20691,Ford,Focus,Hybrid,Automatic,Used,18555,130.0,2021
145047,Hyundai,Tucson,Diesel,Manual,New,5431,125.0,2013
108386,SEAT,Ibiza,Diesel,Automatic,Used,8007,155.0,2018
71160,Toyota,Yaris,Electric,Manual,Used,11923,154.0,2018
23107,Mercedes-Benz,A-Class,Petrol,Semi-automatic,Used,25060,120.0,2019
47243,Toyota,Yaris,Petrol,Automatic,Used,14653,81.0,2019
500,Volkswagen,Tiguan,Diesel,Manual,Used,15196,136.0,2021
8766,Mercedes-Benz,E-Class,Diesel,Automatic,Used,20816,155.0,2016
194097,Skoda,Fabia,Petrol,Automatic,Used,3169,112.0,2011
121884,Volkswagen,Passat,Diesel,Automatic,Used,5968,109.0,2013
20850,Toyota,RAV4,Petrol,Automatic,Used,17880,240.0,2020
59083,Toyota,Corolla,Diesel,Automatic,Used,9407,71.0,2020
213895,Skoda,Kodiaq,Diesel,Automatic,Used,3295,142.0,2011
123707,Audi,Q5,Diesel,Manual,Used,11466,156.0,2015
202483,BMW,3 Series,Diesel,Automatic,Used,7087,107.0,2013
137594,SEAT,Ateca,Diesel,Manual,Used,3940,100.0,2014
70577,Skoda,Fabia,Petrol,Manual,Used,9034,94.0,2018
98414,Peugeot,508,Petrol,Semi-automatic,Used,5238,110.0,2016
45008,SEAT,Leon,Diesel,Automatic,Used,6622,165.0,2016
138460,BMW,5 Series,Petrol,Semi-automatic,Used,8307,100.0,2015
500,BMW,X3,Diesel,Manual,Used,19875,252.0,2018
39481,Peugeot,508,Diesel,Manual,Used,8711,92.0,2018
165803,BMW,3 Series,Electric,Automatic,Demonstration,7381,182.0,2011
122358,Hyundai,Tucson,Petrol,Manual,Used,3602,130.0,2012
104189,BMW,5 Series,Petrol,Manual,Used,9001,113.0,2014
169378,Renault,Captur,Diesel,Manual,Used,4208,175.0,2015
53641,Hyundai,Tucson,Diesel,Automatic,Used,15663,58.0,2021
5996,Opel,Mokka,Petrol,Manual,Used,11245,133.0,2020
43565,Volkswagen,Tiguan,Petrol,Manual,Used,9901,80.0,2018
120305,Toyota,RAV4,Petrol,Automatic,New,5870,100.0,2011
174675,Mercedes-Benz,A-Class,Hybrid,Manual,Used,7673,84.0,2012
81259,Skoda,Kodiaq,Diesel,Automatic,Used,6447,82.0,2016
6174,Hyundai,i20,Petrol,Automatic,Used,11479,52.0,2017
63527,Renault,Captur,Petrol,Automatic,Used,8278,144.0,2018
165364,Volkswagen,Tiguan,Diesel,Manual,Used,4092,103.0,2012
63710,Peugeot,208,Diesel,Manual,Used,7201,100.0,2020
87433,BMW,1 Series,Petrol,Manual,Demonstration,15512,144.0,2016
61957,Renault,Captur,Diesel,Automatic,Used,6742,146.0,2017
234519,SEAT,Leon,Petrol,Manual,Used,2330,93.0,2011
30231,Audi,A4,Petrol,Manual,Used,23894,251.0,2020
115185,Opel,Corsa,Petrol,Manual,Used,4033,156.0,2016
116116,BMW,1 Series,Petrol,Semi-automatic,Used,8767,217.0,2013
144147,Hyundai,Kona,Petrol,Automatic,Used,3929,104.0,2014
69053,Mercedes-Benz,GLC,Petrol,Manual,Demonstration,12375,119.0,2014
148828,Audi,A6,Electric,Automatic,Used,8663,64.0,2011
500,Skoda,Octavia,Diesel,Manual,Demonstration,19113,100.0,2021
23826,Renault,Kadjar,Hybrid,Automatic,New,15075,102.0,2019
73766,Skoda,Octavia,Diesel,Semi-automatic,Used,10551,249.0,2020
98569,Skoda,Octavia,Diesel,Automatic,Used,5607,92.0,2014
100139,Skoda,Octavia,Petrol,Automatic,New,9845,115.0,2017
143104,Toyota,C-HR,Diesel,Manual,Used,4452,50.0,2016
89035,Ford,Fiesta,Diesel,Manual,Used,6895,134.0,2016
109782,Peugeot,208,Diesel,Automatic,New,6537,85.0,2017
123588,Peugeot,208,Petrol,Automatic,Used,5150,165.0,2015
49075,Hyundai,i30,Petrol,Manual,New,10548,50.0,2019
191261,Toyota,RAV4,Diesel,Manual,Used,2842,100.0,2011
199398,Peugeot,508,Petrol,Manual,Used,2945,50.0,2013
7696,Mercedes-Benz,A-Class,Diesel,Manual,Used,25355,92.0,2020
500,Peugeot,3008,Hybrid,Automatic,Used,10916,116.0,2020
9373,Renault,Kadjar,Diesel,Manual,Used,9232,86.0,2019
139805,Audi,Q5,Petrol,Automatic,Used,9946,101.0,2015
129528,Renault,Megane,Petrol,Manual,Used,4517,154.0,2016
146204,Audi,Q5,Petrol,Automatic,Used,6951,218.0,2011
45240,Skoda,Superb,Hybrid,Automatic,Used,9046,138.0,2014
36384,Peugeot,508,Diesel,Automatic,Used,9015,88.0,2018
139175,Mercedes-Benz,C-Class,Petrol,Automatic,Used,8399,126.0,2014
87665,Ford,Focus,Petrol,Manual,Used,6697,94.0,2016
156312,Peugeot,508,Petrol,Manual,Used,3102,146.0,2012
71683,Opel,Insignia,Diesel,,Demonstration,8446,138.0,2016
95493,Hyundai,i20,Diesel,Automatic,Used,7541,56.0,2018
87012,Volkswagen,Tiguan,Diesel,Automatic,Used,9981,175.0,2017
95526,Renault,Clio,Diesel,Automatic,Used,6765,170.0,2017
20567,Peugeot,3008,Hybrid,Manual,Used,13416,182.0,2021
153353,Hyundai,i20,Petrol,Manual,Demonstration,3866,84.0,2013
136050,BMW,3 Series,Diesel,Automatic,Used,9564,137.0,2014
42517,Hyundai,Kona,Petrol,Automatic,Used,9353,73.0,2017
103057,Ford,Mondeo,Petrol,Automatic,Used,8475,123.0,2016
42703,Ford,Focus,Diesel,Automatic,Used,14784,148.0,2021
205430,Ford,Focus,Petrol,Automatic,Used,3085,91.0,2011
164564,SEAT,Ateca,Petrol,Automatic,Used,3958,136.0,2012
86216,SEAT,Ibiza,Diesel,Manual,Demonstration,5720,116.0,2014
61604,Opel,Insignia,Petrol,Automatic,Used,5404,105.0,2016
14770,Volkswagen,Tiguan,Diesel,Manual,Used,14231,177.0,2020
96631,Hyundai,Kona,Diesel,Manual,Used,6758,99.0,2016
100722,Mercedes-Benz,C-Class,Petrol,Automatic,Used,14304,130.0,2015
110669,BMW,3 Series,Petrol,Manual,Used,8189,50.0,2012
65460,SEAT,Ateca,Hybrid,Manual,Used,7338,132.0,2015
16552,Ford,Focus,Diesel,Automatic,Used,11521,104.0,2016
500,SEAT,Ateca,Petrol,Semi-automatic,Used,9988,154.0,2017
70388,Toyota,Corolla,Hybrid,Manual,Used,8535,52.0,2017
186208,BMW,X3,Petrol,Automatic,Used,8285,143.0,2015
212887,Audi,A3,Hybrid,Automatic,Used,6866,50.0,2012
115762,Skoda,Kodiaq,Hybrid,Manual,Used,4673,134.0,2012
155247,Peugeot,3008,Petrol,Automatic,Used,2658,113.0,2012
23740,SEAT,Ibiza,Hybrid,Automatic,Used,11340,144.0,2017
500,Ford,Fiesta,Petrol,Automatic,Used,15718,102.0,2020
500,SEAT,Ibiza,Petrol,Automatic,Used,8856,86.0,2020
112108,Hyundai,i30,Electric,Semi-automatic,Used,7005,88.0,2014
158614,Opel,Corsa,Petrol,Automatic,Used,2362,129.0,2011
83845,Toyota,Yaris,Diesel,Manual,Used,9663,137.0,2017
188213,Peugeot,3008,Diesel,Automatic,Used,2065,134.0,2011
63209,Audi,A6,Diesel,Automatic,Used,12785,84.0,2017
106267,Mercedes-Benz,C-Class,Electric,Manual,Used,16170,192.0,2015
500,Peugeot,208,Diesel,Automatic,Used,14722,144.0,2020
27943,Mercedes-Benz,C-Class,Diesel,Automatic,Used,19148,98.0,2017
500,Ford,Kuga,Petrol,Manual,Used,16398,132.0,2019
127724,Mercedes-Benz,E-Class,Diesel,Manual,Demonstration,10057,121.0,2015
18173,SEAT,Ibiza,Hybrid,Automatic,Used,12847,121.0,2020
24511,Audi,A3,Petrol,Manual,Used,15387,97.0,2016
72792,SEAT,Arona,Diesel,Automatic,Used,8015,170.0,2017
76291,Hyundai,i30,Diesel,Manual,New,8507,186.0,2014
163113,Peugeot,3008,Petrol,Automatic,Used,3629,50.0,2015
9741,Hyundai,i30,Petrol,Automatic,Used,15141,184.0,2020
128853,Volkswagen,Golf,Petrol,Manual,Used,6683,110.0,2015
203114,Opel,Corsa,Diesel,Automatic,Used,2806,131.0,2011
71578,Mercedes-Benz,C-Class,Electric,Manual,Used,16125,170.0,2015
107662,Hyundai,Tucson,Petrol,Manual,Used,5495,50.0,2015
124371,Renault,Megane,Petrol,Automatic,Used,5232,161.0,2015
169044,Audi,A4,Petrol,Manual,Used,5985,163.0,2011
162639,Skoda,Octavia,Hybrid,Automatic,Used,4281,90.0,2012
73463,SEAT,Arona,Petrol,Automatic,Used,4495,,2014
124391,Opel,Astra,Diesel,Manual,Used,4529,183.0,2015
147984,Opel,Insignia,Hybrid,Manual,Used,3156,50.0,2011
117231,Volkswagen,Tiguan,Electric,Automatic,Used,9083,143.0,2015
152200,Opel,Insignia,Petrol,Manual,Used,3258,154.0,2014
188408,Ford,Kuga,Petrol,Automatic,New,3384,138.0,2011
147205,Peugeot,508,Diesel,Manual,Used,3793,132.0,2013
142474,Toyota,Yaris,Petrol,Automatic,Used,5637,111.0,2014
174094,Peugeot,508,Diesel,Manual,Used,3434,127.0,2012
97343,Volkswagen,Passat,Petrol,Manual,Used,8129,81.0,2019
163808,Toyota,Corolla,Diesel,Automatic,Used,3710,94.0,2011
80738,Ford,Fiesta,Diesel,Manual,Used,6385,113.0,2017
92622,Ford,Kuga,Hybrid,Automatic,Used,10069,58.0,2018
27836,Hyundai,Kona,Diesel,Manual,Used,12683,139.0,2019
28266,Toyota,RAV4,Petrol,Manual,Used,12945,50.0,2017
107263,Volkswagen,Golf,Diesel,Manual,Used,8032,126.0,2016
37789,Ford,Fiesta,Diesel,Automatic,Used,12805,149.0,2019
500,Renault,Captur,Diesel,Automatic,Used,12534,93.0,2020
152519,Skoda,Fabia,Diesel,Manual,Used,4363,51.0,2013
95090,Audi,Q5,Petrol,Automatic,Used,16526,110.0,2019
32959,Skoda,Superb,Diesel,Automatic,Used,10635,154.0,2016
185781,Toyota,Yaris,Petrol,Manual,Used,4726,122.0,2012
500,Mercedes-Benz,A-Class,Petrol,Manual,Used,20248,61.0,2017
990,Renault,Clio,Diesel,Manual,Used,12484,120.0,2021
214418,Renault,Megane,Diesel,Manual,Used,2434,118.0,2012
153509,Toyota,Corolla,Diesel,Automatic,Used,4137,130.0,2011
18148,Audi,Q5,Diesel,Manual,Used,25332,71.0,2021
101700,Mercedes-Benz,GLC,Diesel,Manual,Used,13196,118.0,2017
74923,Skoda,Fabia,Petrol,Automatic,Used,7371,163.0,2013
47523,Skoda,Superb,Petrol,Manual,Used,12612,137.0,2019
107247,Ford,Kuga,Electric,Automatic,Used,10011,143.0,2015
185181,Peugeot,3008,Petrol,Automatic,Demonstration,4140,197.0,2014
76749,Peugeot,3008,Petrol,Manual,Used,5373,116.0,2014
61646,Mercedes-Benz,GLC,Diesel,Automatic,Used,17027,88.0,2017
117508,Peugeot,508,Diesel,Manual,Used,3655,68.0,2012
83796,Mercedes-Benz,GLC,Petrol,Semi-automatic,Used,12774,116.0,2014
159459,Ford,Focus,Diesel,Manual,Used,3256,50.0,2014
165933,Volkswagen,Polo,Diesel,Automatic,Used,4267,106.0,2011
25555,Ford,Fiesta,Hybrid,Semi-automatic,Used,15951,134.0,2019
146875,Hyundai,Tucson,Diesel,Automatic,Used,4302,173.0,2011
500,Opel,Insignia,Diesel,Automatic,Used,13980,61.0,2021
133417,Renault,Captur,Hybrid,Automatic,Used,4376,125.0,2012
75744,BMW,5 Series,Diesel,Manual,Used,9977,,2014
140944,SEAT,Leon,Diesel,Semi-automatic,Used,3384,108.0,2012
92428,Ford,Fiesta,Diesel,Manual,Used,5563,115.0,2015
48477,Renault,Kadjar,Diesel,Automatic,Used,6677,125.0,2017
170427,Hyundai,i30,Hybrid,Automatic,Used,4209,183.0,2011
98396,Skoda,Octavia,Petrol,Manual,Used,8434,166.0,2016
25517,BMW,1 Series,Petrol,Manual,Used,22919,209.0,2019
84955,Opel,Astra,Diesel,Manual,Used,5995,110.0,2016
225552,BMW,X3,Diesel,Manual,Used,4966,88.0,2012
134215,Opel,Mokka,Petrol,Automatic,Used,5860,83.0,2018
98107,Volkswagen,Polo,Diesel,Manual,Used,4404,84.0,2013
132994,SEAT,Leon,Diesel,Semi-automatic,Used,3740,,2011
67921,Audi,A4,Petrol,Manual,Used,12044,148.0,2015
171997,Mercedes-Benz,C-Class,Electric,Manual,Used,9251,137.0,2013
151051,Volkswagen,Golf,Electric,Manual,Used,5217,75.0,2011
53389,Toyota,Yaris,Petrol,Manual,Used,10519,83.0,2019
144894,Toyota,Corolla,Petrol,Automatic,Used,6710,214.0,2017
14634,Peugeot,3008,Petrol,Manual,Demonstration,12098,78.0,2021
114719,Volkswagen,Golf,Electric,Automatic,Used,8582,189.0,2016
123215,Ford,Mondeo,Diesel,Automatic,Used,4999,142.0,2015
9412,Hyundai,Tucson,Diesel,Manual,Used,10929,81.0,2020
202071,Skoda,Octavia,Diesel,Manual,Used,2321,52.0,2011
90260,BMW,1 Series,Hybrid,Manual,Used,11804,77.0,2014
91896,BMW,3 Series,Electric,Manual,Used,17885,132.0,2019
99439,Audi,A6,Petrol,Automatic,Used,8025,82.0,2014
13271,Hyundai,i30,Diesel,Manual,New,16934,184.0,2020
81903,Mercedes-Benz,A-Class,Hybrid,Manual,Used,10868,99.0,2014
72651,Toyota,C-HR,Diesel,Automatic,Demonstration,11110,156.0,2015
15063,Renault,Kadjar,Diesel,Manual,Used,11127,142.0,2020
49903,Hyundai,i30,Petrol,Automatic,Used,5488,195.0,2013
6833,Peugeot,3008,Petrol,Automatic,Used,14205,110.0,2021
147221,Audi,Q5,Electric,Automatic,Used,8755,125.0,2011
162650,Peugeot,3008,Diesel,Manual,Used,3086,50.0,2013
89804,Mercedes-Benz,GLC,Diesel,Manual,Used,16833,116.0,2017
50233,Audi,A4,Petrol,Manual,Used,14439,162.0,2017
500,Mercedes-Benz,E-Class,Diesel,Automatic,Used,34979,140.0,2021
6788,BMW,X3,Electric,Manual,Demonstration,38309,219.0,2021
112008,BMW,1 Series,Diesel,Manual,Used,13231,135.0,2018
31219,Mercedes-Benz,GLC,Diesel,Automatic,Used,18802,103.0,2018
94808,BMW,X3,Diesel,Automatic,Used,9926,144.0,2014
5500,Ford,Kuga,Petrol,Automatic,Used,11910,62.0,2019
8129,Volkswagen,Passat,Electric,Manual,Used,12904,76.0,2018
175745,Volkswagen,Polo,Diesel,Automatic,Used,3924,65.0,2011
37102,Hyundai,i30,Diesel,Manual,Used,11527,115.0,2020
164897,BMW,5 Series,Hybrid,Semi-automatic,Used,6809,105.0,2014
126449,Volkswagen,Tiguan,Petrol,Manual,Used,7734,164.0,2016
173899,Volkswagen,Passat,Diesel,Automatic,Used,7106,121.0,2016
27414,BMW,1 Series,Diesel,Automatic,Used,21025,84.0,2020
125881,Skoda,Octavia,Hybrid,Manual,Used,5065,177.0,2013
59492,Peugeot,508,Petrol,Automatic,Used,6955,50.0,2015
189380,Renault,Captur,Diesel,Manual,Used,2521,107.0,2011
124149,Skoda,Kodiaq,Diesel,Manual,Used,5168,118.0,2014
187794,BMW,5 Series,Diesel,Manual,Used,5731,105.0,2011
35131,Peugeot,308,Diesel,Automatic,Used,8933,149.0,2017
42306,Volkswagen,Golf,Diesel,Manual,Demonstration,18173,119.0,2020
97182,SEAT,Arona,Diesel,Manual,Used,6365,132.0,2016
19866,Ford,Kuga,Diesel,Semi-automatic,Used,14183,88.0,2021
500,Toyota,C-HR,Diesel,Automatic,Used,20113,64.0,2021
206626,Audi,A3,Petrol,Manual,Used,3467,103.0,2011
161761,SEAT,Ibiza,Petrol,Automatic,Used,5648,79.0,2016
51138,Opel,Mokka,Petrol,Manual,Used,5773,77.0,2016
130216,Skoda,Octavia,Diesel,Manual,Used,6093,161.0,2015
500,Hyundai,Tucson,Electric,Automatic,Demonstration,25597,199.0,2020
128401,Renault,Megane,Electric,Semi-automatic,Used,5575,160.0,2015
99545,Ford,Mondeo,Hybrid,Manual,Used,4573,148.0,2011
56626,Opel,Mokka,Diesel,Manual,Used,6673,114.0,2017
89044,Renault,Kadjar,Diesel,Manual,Used,3693,153.0,2013
112454,Ford,Fiesta,Petrol,Manual,Used,6564,124.0,2014
119358,Mercedes-Benz,A-Class,,Manual,New,16349,198.0,2016
500,Opel,Insignia,Diesel,Manual,Used,10723,71.0,2018
107418,Volkswagen,Tiguan,Diesel,Manual,Demonstration,6911,138.0,2014
87032,Mercedes-Benz,C-Class,Petrol,Manual,Demonstration,12965,52.0,2015
220337,Opel,Mokka,Petrol,Automatic,Used,2470,151.0,2011
120112,Peugeot,308,Diesel,Automatic,Used,4135,50.0,2015
33797,Peugeot,208,Hybrid,Automatic,Used,9095,71.0,2017
58505,Audi,A6,Petrol,Manual,Used,16194,53.0,2017
174464,Opel,Mokka,Diesel,Automatic,Used,3338,134.0,2014
190003,BMW,3 Series,Diesel,Manual,Demonstration,5521,121.0,2011
42862,Peugeot,208,Diesel,Automatic,Used,10073,236.0,2017
50653,Mercedes-Benz,GLC,Electric,Manual,Used,26975,108.0,2018
156771,Peugeot,508,Petrol,Automatic,Used,3730,155.0,2011
71171,Toyota,Yaris,Petrol,Manual,Used,7799,117.0,2016
90143,Renault,Kadjar,Petrol,Automatic,Used,4031,152.0,2012
81283,Audi,Q5,Diesel,Manual,Used,11064,115.0,2015
108622,Hyundai,Kona,Hybrid,Automatic,Used,9584,176.0,2018
46660,Renault,Clio,Electric,Automatic,Used,9002,80.0,2018
56386,SEAT,Ateca,Petrol,Manual,Used,7285,50.0,2018
49918,Toyota,C-HR,Petrol,Automatic,Used,11846,147.0,2019
212635,Toyota,C-HR,Diesel,Manual,Used,3082,50.0,2013
30311,Volkswagen,Passat,Diesel,Automatic,Used,17915,188.0,2020
158288,Toyota,Yaris,Diesel,Manual,Used,5336,83.0,2014
84064,Peugeot,208,Petrol,Automatic,Used,5324,77.0,2015
35921,Mercedes-Benz,E-Class,Petrol,Automatic,Used,23835,250.0,2019
120439,Audi,A3,Hybrid,Manual,Used,7084,107.0,2014
137905,Peugeot,208,Diesel,Automatic,New,4203,111.0,2011
52870,Mercedes-Benz,C-Class,Diesel,Automatic,Used,22607,161.0,2018
91082,Opel,Mokka,Diesel,Automatic,New,8814,164.0,2018
46987,Renault,Captur,Hybrid,Manual,Used,7332,162.0,2017
150003,SEAT,Ateca,Petrol,Manual,Used,3998,50.0,2012
99806,Toyota,C-HR,Petrol,Manual,Used,7195,135.0,2017
106144,BMW,5 Series,Petrol,Manual,Used,10227,94.0,2013
113339,Audi,A4,Petrol,Manual,Demonstration,17751,70.0,2017
92551,Hyundai,i20,Diesel,Automatic,Used,6777,127.0,2016
39221,Skoda,Fabia,Diesel,Automatic,Used,13267,50.0,2019
500,Mercedes-Benz,C-Class,Diesel,Automatic,Used,25444,172.0,2021
121924,Audi,A6,Diesel,Manual,Used,6536,94.0,2013
163006,Ford,Mondeo,Petrol,Manual,Used,3121,85.0,2012
136087,Skoda,Superb,Diesel,Automatic,Used,7523,120.0,2017
34876,Audi,A4,Petrol,Automatic,Used,25249,122.0,2021
189418,SEAT,Ateca,Petrol,Automatic,Used,3294,172.0,2012
47681,Opel,Mokka,Petrol,Automatic,Used,5580,76.0,2016
100561,SEAT,Leon,Hybrid,Manual,Used,6190,92.0,2015
162726,BMW,5 Series,Diesel,Automatic,Used,7357,113.0,2014
28929,SEAT,Ateca,Petrol,Automatic,Used,9114,79.0,2018
153783,Hyundai,i20,Diesel,Manual,Used,3691,115.0,2014
115666,BMW,1 Series,Petrol,Automatic,Used,11585,92.0,2016
39615,Audi,A4,Petrol,Manual,Used,18600,51.0,2020
93495,Renault,Megane,Diesel,Manual,Used,5128,133.0,2015
130480,SEAT,Ateca,Diesel,Manual,Used,2946,175.0,2011
92138,Renault,Clio,Petrol,Automatic,Used,8860,131.0,2020
142115,Skoda,Octavia,Petrol,Automatic,Used,5316,118.0,2014
56922,Renault,Clio,Petrol,Manual,Used,8013,107.0,2019
30550,SEAT,Leon,Petrol,Automatic,Used,11514,105.0,2019
91326,Volkswagen,Passat,Petrol,Automatic,New,13331,178.0,2016
170765,Peugeot,208,Petrol,Manual,Demonstration,2504,109.0,2011
28996,Opel,Corsa,Diesel,Manual,Used,10183,50.0,2021
85702,Volkswagen,Tiguan,Petrol,Manual,Used,8502,166.0,2018
77613,Ford,Mondeo,Petrol,Manual,Used,6738,152.0,2015
500,Opel,Astra,Petrol,Semi-automatic,Used,10817,141.0,2020
47950,BMW,X3,Petrol,Automatic,Used,18728,50.0,2019
500,Hyundai,i20,Petrol,Manual,Used,13383,113.0,2019
138672,Mercedes-Benz,A-Class,Hybrid,Manual,Demonstration,10625,146.0,2012
57178,Audi,Q5,Electric,Manual,Used,22445,128.0,2017
137211,Opel,Mokka,Diesel,Manual,Used,3551,117.0,2014
234391,Peugeot,208,Electric,Manual,Used,2956,145.0,2011
51939,Renault,Megane,Diesel,Manual,Used,5865,114.0,2014
229596,Peugeot,508,Electric,Manual,Used,2923,160.0,2012
141842,Mercedes-Benz,GLC,Diesel,Manual,Used,7540,113.0,2012
72173,Toyota,Corolla,Diesel,Manual,Demonstration,11034,116.0,2018
40481,Peugeot,208,Hybrid,Manual,Used,9589,150.0,2016
139891,Opel,Corsa,Diesel,Automatic,Used,4632,106.0,2015
136452,Skoda,Superb,Petrol,Manual,Used,4211,58.0,2013
42849,Volkswagen,Polo,Petrol,Manual,Used,12024,113.0,2019
7192,Peugeot,508,Diesel,Manual,Used,10140,138.0,2017
77583,Hyundai,Kona,Hybrid,Semi-automatic,Used,9941,153.0,2017
164604,Opel,Mokka,Petrol,Manual,Used,3244,149.0,2013
141730,Skoda,Octavia,Electric,Automatic,New,8141,118.0,2012
191097,Opel,Mokka,Electric,Manual,Used,3669,98.0,2012
204651,Volkswagen,Tiguan,Diesel,Manual,Used,3114,78.0,2011
500,SEAT,Leon,Diesel,Automatic,Used,15724,141.0,2021
160829,Renault,Captur,Diesel,Automatic,Used,4093,50.0,2015
61585,Hyundai,Kona,Petrol,Semi-automatic,Used,8204,113.0,2018
16741,Hyundai,Kona,Diesel,Manual,Used,17711,243.0,2021
18464,Opel,Insignia,Diesel,Manual,Used,10001,50.0,2021
122426,Hyundai,i20,Petrol,Automatic,Used,5164,130.0,2014
500,Skoda,Superb,Diesel,Manual,Used,12903,127.0,2016
83507,SEAT,Ateca,Petrol,Manual,Used,5247,133.0,2016
117262,SEAT,Ibiza,Petrol,Automatic,Used,4008,77.0,2011
101922,Hyundai,Kona,Diesel,Manual,Used,7450,136.0,2019
130513,Renault,Clio,Diesel,Automatic,Used,5405,102.0,2017
134818,BMW,1 Series,Diesel,Manual,Used,7512,50.0,2015
66654,Volkswagen,Passat,Petrol,Manual,Used,9498,154.0,2017
9719,Ford,Fiesta,Diesel,Semi-automatic,Used,12389,143.0,2019
141985,Skoda,Octavia,Petrol,Manual,Demonstration,4180,62.0,2011
127992,Renault,Clio,Petrol,Manual,Used,6150,88.0,2018
5773,Opel,Insignia,Diesel,Manual,Used,7582,88.0,2020
500,Skoda,Fabia,Electric,Manual,Used,14818,50.0,2018
111056,Hyundai,Kona,Hybrid,Manual,Used,7252,145.0,2017
217518,Ford,Focus,Diesel,Manual,Used,2609,141.0,2011
103073,Opel,Mokka,Hybrid,Manual,Used,7292,98.0,2019
81342,Skoda,Kodiaq,Diesel,Manual,Demonstration,9644,112.0,2019
132053,Opel,Astra,Petrol,Automatic,Used,3934,130.0,2016
76853,Hyundai,Tucson,Diesel,Manual,Used,7699,122.0,2017
2330,Hyundai,Kona,Petrol,Automatic,Used,9167,65.0,2017
150976,Skoda,Fabia,Petrol,Manual,Used,4185,128.0,2012
156755,Opel,Astra,Hybrid,Manual,Used,2997,54.0,2013
40266,SEAT,Arona,Hybrid,Automatic,Used,13671,159.0,2019
8671,Mercedes-Benz,E-Class,Diesel,Automatic,Used,28656,82.0,2021
101256,Opel,Astra,Petrol,Manual,New,5122,50.0,2013
69939,Mercedes-Benz,GLC,Diesel,Manual,Used,12519,108.0,2015
79335,BMW,X3,Diesel,Automatic,New,26557,128.0,2021
215602,BMW,3 Series,Diesel,Manual,Used,4942,111.0,2012
134907,SEAT,Leon,Hybrid,Manual,Used,5152,67.0,2013
174853,Volkswagen,Golf,Petrol,Automatic,Used,3232,129.0,2011
100670,SEAT,Arona,Diesel,Automatic,Used,4771,135.0,2013
97490,Opel,Astra,Hybrid,Automatic,Used,7927,178.0,2017
181588,Ford,Mondeo,Petrol,Manual,Used,4252,116.0,2014
500,Peugeot,3008,Diesel,Semi-automatic,Used,14720,88.0,2021
46236,Skoda,Superb,Petrol,Manual,Used,11459,53.0,2020
48866,Renault,Kadjar,Petrol,Automatic,Used,8000,60.0,2020
78466,Renault,Kadjar,Petrol,Manual,Used,6087,127.0,2018
117499,Volkswagen,Golf,Petrol,Automatic,Used,9005,163.0,2018
161261,Mercedes-Benz,C-Class,Petrol,Automatic,Used,10921,85.0,2016
6828,Skoda,Octavia,Diesel,Manual,Used,15141,126.0,2021
173561,Hyundai,Tucson,Petrol,Automatic,Used,3316,113.0,2012
62948,BMW,X3,Diesel,Automatic,Used,18372,159.0,2018
127876,BMW,3 Series,Diesel,Manual,Used,7531,145.0,2012
129478,Hyundai,i20,Diesel,Manual,Used,4196,50.0,2014
158502,Hyundai,Tucson,Petrol,Manual,Used,3418,153.0,2013
82593,Mercedes-Benz,A-Class,Diesel,Automatic,Used,17481,137.0,2017
14159,Ford,Fiesta,Diesel,Automatic,Used,14073,104.0,2019
148775,SEAT,Arona,Diesel,Manual,New,3823,82.0,2011
59043,Mercedes-Benz,GLC,Hybrid,Manual,Used,17105,112.0,2017
105514,Audi,Q5,Diesel,Automatic,Used,10122,99.0,2013
175974,Ford,Fiesta,Diesel,Manual,Used,2551,63.0,2011
119634,SEAT,Arona,Diesel,Manual,Used,5351,77.0,2015
109283,Audi,A6,Petrol,Manual,Used,11451,64.0,2017
104983,Ford,Kuga,Petrol,Automatic,Used,4642,183.0,2013
84788,Audi,A4,Diesel,Semi-automatic,Used,13992,112.0,2015
69410,Peugeot,508,Electric,Automatic,Used,13672,231.0,2021
114243,BMW,X3,Petrol,Manual,Used,9869,125.0,2014
16055,Mercedes-Benz,C-Class,Petrol,Automatic,Used,25540,157.0,2021
23871,Mercedes-Benz,GLC,Petrol,Manual,Used,27504,66.0,2020
144656,Toyota,Yaris,Hybrid,Semi-automatic,Used,7828,99.0,2015
116013,Hyundai,Tucson,Hybrid,Manual,Used,5818,114.0,2017
98962,Skoda,Superb,Petrol,Automatic,Used,8396,98.0,2018
90930,BMW,X3,Petrol,Automatic,Used,14682,104.0,2016
74465,Peugeot,208,Electric,Automatic,Used,7450,143.0,2015
187382,Opel,Corsa,Hybrid,Manual,Used,3583,128.0,2014
179971,Toyota,C-HR,Diesel,Automatic,Used,3118,61.0,2012
149017,Ford,Focus,Hybrid,Automatic,Used,3738,133.0,2011
169834,Hyundai,Tucson,Petrol,Manual,Used,4123,133.0,2014
26254,Peugeot,508,Petrol,Manual,Used,8914,86.0,2019
184375,Mercedes-Benz,GLC,Diesel,Automatic,Used,6768,91.0,2013
201740,Renault,Captur,Diesel,Automatic,Used,2209,141.0,2012
87748,Audi,A4,Petrol,Automatic,Demonstration,12800,50.0,2014
95362,Ford,Kuga,Petrol,Manual,Used,5984,111.0,2017
162377,Audi,A4,Diesel,Automatic,Used,9378,196.0,2013
226522,Renault,Captur,Petrol,Manual,Used,2149,50.0,2013
124019,Audi,A6,Diesel,Manual,Used,8504,143.0,2012
170139,SEAT,Ateca,Petrol,Automatic,Used,4611,147.0,2014
135607,Skoda,Octavia,Petrol,Automatic,Used,4112,57.0,2013
500,Peugeot,508,Petrol,Automatic,Used,12027,152.0,2020
25800,Hyundai,Tucson,Diesel,Manual,Used,11619,159.0,2020
105086,Volkswagen,Tiguan,Diesel,Manual,Used,6346,56.0,2015
127939,Hyundai,Tucson,Diesel,Automatic,Demonstration,3562,88.0,2011
175926,BMW,1 Series,Petrol,Manual,Used,5841,106.0,2011
153523,Skoda,Kodiaq,Hybrid,Semi-automatic,Used,4892,152.0,2014
98337,Ford,Mondeo,Petrol,Automatic,Demonstration,7519,101.0,2016
71035,SEAT,Ateca,Petrol,Automatic,Used,8395,123.0,2016
114803,Renault,Captur,Diesel,Automatic,Used,4747,93.0,2014
119841,Toyota,Yaris,Diesel,Manual,Used,5379,109.0,2014
127606,Ford,Fiesta,Electric,Manual,Used,7175,155.0,2014
128844,Hyundai,i30,Petrol,Automatic,Used,6389,130.0,2016
69518,Audi,Q5,Diesel,Manual,Used,14350,96.0,2018
115906,Mercedes-Benz,A-Class,Petrol,Automatic,Used,7601,119.0,2011
70319,Ford,Fiesta,Petrol,Manual,New,10699,74.0,2016
65811,Skoda,Octavia,Diesel,Automatic,Used,10628,82.0,2018
99344,Renault,Captur,Diesel,Automatic,Used,5806,181.0,2018
120425,Peugeot,308,Petrol,Automatic,Used,5520,200.0,2017
152114,Mercedes-Benz,C-Class,Diesel,Manual,New,13977,50.0,2016
64572,Audi,A4,Petrol,Automatic,Used,15177,153.0,2018
131716,Hyundai,Kona,Petrol,Automatic,Used,6026,163.0,2015
24094,Opel,Astra,Hybrid,Manual,Used,10175,56.0,2017
135046,Mercedes-Benz,E-Class,Diesel,Manual,Used,9296,87.0,2014
67366,Hyundai,Tucson,Diesel,Manual,Used,5693,83.0,2015
147811,Opel,Astra,Petrol,Automatic,Used,3468,207.0,2012
226044,Hyundai,i20,Diesel,Automatic,Used,3920,197.0,2014
160624,Hyundai,Kona,Electric,Automatic,Used,4608,80.0,2012
104767,Toyota,RAV4,Petrol,Manual,Used,5759,50.0,2013
119273,Skoda,Octavia,Diesel,Manual,Used,5375,144.0,2015
71902,Peugeot,208,Petrol,Automatic,Used,6223,149.0,2016
500,Hyundai,i30,Diesel,Automatic,Used,17807,186.0,2021
238610,Audi,A6,Petrol,Manual,Used,3799,57.0,2011
67338,Volkswagen,Passat,Electric,Manual,Used,11237,147.0,2020
132094,Audi,A3,Diesel,Manual,Used,8155,75.0,2014
46286,SEAT,Ateca,Diesel,Automatic,Used,10446,155.0,2018
49122,Skoda,Kodiaq,Electric,Automatic,Used,15505,125.0,2018
68987,Volkswagen,Golf,Petrol,Automatic,Used,18316,216.0,2021
160730,Skoda,Octavia,Diesel,Automatic,Used,4142,141.0,2012
500,Mercedes-Benz,GLC,Diesel,Automatic,Used,33006,116.0,2021
249733,Skoda,Superb,Diesel,Manual,Used,2435,111.0,2011
36407,Skoda,Kodiaq,Petrol,Manual,Used,13061,109.0,2020
72018,SEAT,Leon,Diesel,Manual,Used,7788,60.0,2018
128034,Ford,Fiesta,Diesel,Semi-automatic,Used,6350,197.0,2016
121289,Ford,Focus,Diesel,Automatic,Used,5541,196.0,2015
176142,Renault,Clio,Petrol,Automatic,Used,3645,113.0,2012
30170,Renault,Megane,Electric,Automatic,Used,9248,159.0,2019
1957,Peugeot,208,Petrol,Manual,New,16645,205.0,2019
24808,Ford,Mondeo,Petrol,Manual,Used,14557,171.0,2021
95107,Opel,Insignia,Petrol,Automatic,Used,7510,114.0,2019
500,Audi,Q5,Diesel,Semi-automatic,Used,23396,,2021
4519,Skoda,Superb,Diesel,Manual,Used,10942,50.0,2020
147736,BMW,5 Series,Diesel,Manual,Used,9559,144.0,2015
43996,Opel,Insignia,Diesel,Automatic,Demonstration,11150,183.0,2018
120630,Mercedes-Benz,C-Class,Hybrid,Automatic,Used,11279,178.0,2013
31940,Skoda,Kodiaq,Diesel,,Used,14128,160.0,2019
72726,Toyota,RAV4,Electric,Manual,Used,11184,127.0,2017
49923,Hyundai,i20,Diesel,Manual,New,9530,64.0,2015
56123,Opel,Insignia,Petrol,Manual,Used,7782,125.0,2017
128063,Volkswagen,Passat,Diesel,Manual,Used,5444,80.0,2014
82813,Mercedes-Benz,C-Class,Diesel,Automatic,Used,18079,150.0,2017
130530,BMW,3 Series,Diesel,Automatic,Demonstration,9576,91.0,2016
184379,Peugeot,508,Petrol,Automatic,Used,3327,146.0,2014
67937,Hyundai,i30,Petrol,Manual,Demonstration,13550,175.0,2021
197013,Skoda,Superb,Petrol,Manual,New,4997,122.0,2011
39794,Mercedes-Benz,C-Class,Electric,Automatic,Used,28635,143.0,2019
113193,Volkswagen,Passat,Petrol,Manual,Demonstration,5694,148.0,2013
135626,Hyundai,i20,Hybrid,Manual,Used,6005,187.0,2013
170495,Audi,A4,Diesel,Manual,Used,6110,101.0,2012
178768,BMW,X3,Diesel,Manual,Used,6483,129.0,2012
171808,Mercedes-Benz,E-Class,Diesel,Manual,Used,6575,174.0,2012
25759,Audi,A6,Petrol,Manual,Used,23471,144.0,2020
42540,SEAT,Ibiza,Petrol,Automatic,Used,11405,50.0,2021
119131,Toyota,Corolla,Petrol,Manual,Used,9354,79.0,2017
195806,Audi,Q5,Electric,Automatic,Used,8257,154.0,2011
28880,Renault,Megane,Diesel,Automatic,Used,12996,111.0,2020
45815,Volkswagen,Golf,Petrol,Automatic,Used,10674,191.0,2017
59985,Volkswagen,Tiguan,Petrol,Manual,Used,7537,194.0,2016
500,Volkswagen,Tiguan,Petrol,Manual,Used,16935,88.0,2021
113998,Hyundai,Tucson,Diesel,Manual,Used,6763,63.0,2015
138193,Skoda,Kodiaq,Diesel,Manual,Used,4675,92.0,2014
500,Peugeot,508,Diesel,Semi-automatic,Used,12097,94.0,2019
72360,Volkswagen,Passat,Petrol,Manual,Used,7956,179.0,2016
68515,Volkswagen,Passat,Petrol,Manual,Used,9071,65.0,2018
28511,Toyota,Yaris,Diesel,Semi-automatic,Used,12140,145.0,2018
45187,BMW,X3,Petrol,Automatic,Used,28673,191.0,2020
109240,BMW,5 Series,Petrol,Automatic,New,15740,160.0,2014
139680,Skoda,Kodiaq,Hybrid,Manual,Demonstration,3625,125.0,2011
91862,SEAT,Leon,Petrol,,Used,7391,118.0,2016
73730,Mercedes-Benz,GLC,Petrol,Automatic,New,21703,210.0,2018
15301,Opel,Insignia,Petrol,Automatic,Used,9225,117.0,2019
126509,Renault,Captur,Petrol,Automatic,Used,4340,165.0,2013
61369,Opel,Mokka,Petrol,Manual,Used,9064,106.0,2019
3327,Ford,Fiesta,Diesel,Semi-automatic,Used,14999,50.0,2020
500,Volkswagen,Polo,Hybrid,Semi-automatic,Used,17409,101.0,2019
500,Opel,Corsa,Petrol,Automatic,Demonstration,12501,121.0,2019
500,Peugeot,508,Petrol,Manual,Used,14950,109.0,2021
13855,SEAT,Arona,Petrol,Automatic,Used,8967,97.0,2018
92830,Toyota,Yaris,Petrol,Manual,Used,8809,137.0,2015
163273,BMW,5 Series,Diesel,Automatic,Used,8145,157.0,2015
500,Volkswagen,Polo,Diesel,Manual,Used,15394,99.0,2019
125109,Skoda,Superb,Diesel,Automatic,Used,4757,108.0,2013
149631,Mercedes-Benz,C-Class,Diesel,Semi-automatic,Used,9149,64.0,2017
89285,SEAT,Ateca,Diesel,Manual,Used,7519,122.0,2017
47130,Toyota,RAV4,Petrol,Automatic,Used,12746,189.0,2018
99509,Ford,Focus,Diesel,Automatic,New,8803,186.0,2015
60028,Skoda,Octavia,Petrol,Manual,Used,10068,86.0,2019
224352,Renault,Captur,Electric,Manual,Used,3347,195.0,2011
26420,BMW,5 Series,Diesel,Manual,Demonstration,28392,97.0,2019
18484,Toyota,C-HR,Petrol,Automatic,Used,16216,82.0,2019
500,Mercedes-Benz,GLC,Petrol,Manual,Used,26152,53.0,2020
18608,Peugeot,508,Electric,Manual,Used,11905,67.0,2021
70801,SEAT,Ateca,Petrol,Manual,New,8662,123.0,2014
148768,BMW,1 Series,Diesel,Manual,Used,6580,93.0,2011
28196,Renault,Clio,Diesel,Manual,Used,9168,84.0,2018
202594,Mercedes-Benz,E-Class,Electric,Automatic,Used,6071,82.0,2011
102206,SEAT,Ibiza,Diesel,Manual,Used,5506,59.0,2014
73893,Hyundai,Tucson,Petrol,Automatic,Used,10150,87.0,2018
18857,Hyundai,Tucson,Diesel,Automatic,Used,9252,172.0,2017
79603,Toyota,Corolla,Petrol,Automatic,Used,10892,207.0,2017
2889,Opel,Corsa,Petrol,Manual,Demonstration,10668,197.0,2019
135102,Skoda,Superb,Diesel,Automatic,Used,4540,152.0,2012
122392,Audi,A3,Diesel,Automatic,Used,12956,106.0,2019
107626,Hyundai,Tucson,Diesel,Manual,Used,6138,81.0,2017
100506,Opel,Insignia,Petrol,Manual,Used,4620,143.0,2015
201963,Peugeot,208,Petrol,Manual,New,5113,99.0,2016
57969,Ford,Focus,Diesel,Automatic,Used,9192,144.0,2016
115783,Renault,Megane,Petrol,Manual,Used,6644,198.0,2017
66356,Mercedes-Benz,A-Class,Diesel,Automatic,Used,11963,133.0,2014
126463,Renault,Megane,Petrol,Automatic,Used,4444,225.0,2013
102827,Volkswagen,Polo,Petrol,Automatic,Used,4843,70.0,2012
129005,BMW,X3,Electric,Semi-automatic,Used,11051,128.0,2014
136959,Ford,Focus,Electric,Automatic,Used,5924,136.0,2013
79232,Opel,Insignia,Diesel,Manual,Used,4822,66.0,2016
53222,Renault,Clio,Diesel,Manual,Used,10922,151.0,2021
130152,Ford,Focus,Electric,Automatic,Used,5673,190.0,2012
131440,Volkswagen,Golf,Diesel,Manual,Used,6211,207.0,2014
193719,Audi,A4,Diesel,Automatic,Demonstration,7237,139.0,2011
500,Opel,Astra,Diesel,Manual,Used,10792,50.0,2021
33805,Skoda,Kodiaq,Petrol,Manual,Used,11979,133.0,2018
136885,SEAT,Leon,Petrol,Automatic,Used,5293,155.0,2013
127055,Mercedes-Benz,GLC,Hybrid,Automatic,Used,14124,113.0,2015
109743,SEAT,Arona,Diesel,Automatic,Used,7459,137.0,2018
7444,SEAT,Arona,Diesel,Manual,Used,12177,93.0,2021
63924,Peugeot,508,Diesel,Manual,Used,6416,105.0,2017
104459,Skoda,Octavia,Petrol,Automatic,Demonstration,5214,168.0,2013
71549,Peugeot,308,Diesel,Automatic,Used,9007,190.0,2018
49601,Mercedes-Benz,A-Class,Hybrid,Manual,Used,21272,55.0,2018
50409,Renault,Captur,Petrol,Automatic,Used,8343,104.0,2018
161714,Volkswagen,Golf,Petrol,Manual,Used,3110,50.0,2011
79307,BMW,X3,Petrol,Automatic,Used,16218,210.0,2018
145269,Toyota,C-HR,Petrol,Manual,Used,4841,144.0,2011
2974,Opel,Mokka,Petrol,Semi-automatic,Used,11099,50.0,2020
45110,SEAT,Leon,Diesel,Manual,New,16194,111.0,2020
500,SEAT,Ibiza,Petrol,Automatic,Used,15175,113.0,2017
38871,Renault,Megane,Petrol,Automatic,Used,8901,93.0,2018
124704,Mercedes-Benz,E-Class,Petrol,Manual,Used,5587,152.0,2011
72114,Mercedes-Benz,E-Class,Diesel,Manual,Used,17607,160.0,2020
119567,Volkswagen,Polo,Hybrid,Automatic,Used,6888,134.0,2013
115375,Toyota,Corolla,Hybrid,Automatic,Used,6397,93.0,2013
58298,Mercedes-Benz,C-Class,Petrol,Automatic,Used,18024,99.0,2018
500,Skoda,Fabia,Hybrid,Automatic,Used,18764,132.0,2021
75907,Opel,Corsa,Petrol,Manual,Used,5065,89.0,2016
93399,BMW,3 Series,Diesel,Automatic,Used,13295,125.0,2016
60229,Ford,Mondeo,Petrol,Manual,Used,9808,136.0,2017
104977,Volkswagen,Passat,Diesel,Automatic,Used,7821,54.0,2014
39644,Mercedes-Benz,GLC,Petrol,Automatic,Used,21894,92.0,2017
500,BMW,X3,Petrol,Automatic,Used,25429,128.0,2021
107122,Peugeot,208,Diesel,Manual,Demonstration,5817,179.0,2015
55731,Skoda,Kodiaq,Diesel,Manual,Used,10526,151.0,2019
500,Hyundai,i30,Petrol,Automatic,Used,13939,128.0,2019
56598,Opel,Insignia,Petrol,Manual,Demonstration,9737,132.0,2020
86742,Mercedes-Benz,E-Class,Hybrid,Automatic,Used,18110,122.0,2018
49114,SEAT,Leon,Diesel,Automatic,Used,15321,178.0,2021
70496,Hyundai,i30,Petrol,Manual,Used,8548,132.0,2018
37298,Skoda,Fabia,Diesel,Manual,Used,14427,173.0,2021
136476,Volkswagen,Passat,Diesel,Automatic,Used,8449,66.0,2018
19447,Audi,A6,Petrol,Automatic,Used,26179,93.0,2020
500,Hyundai,i20,Petrol,Manual,Used,14440,126.0,2020
500,Skoda,Octavia,Petrol,Manual,New,25880,137.0,2021
136449,Hyundai,Kona,Diesel,Manual,Used,5293,219.0,2017
121908,Skoda,Superb,Diesel,Automatic,Used,7805,50.0,2018
500,Volkswagen,Tiguan,Petrol,Automatic,Used,18927,129.0,2021
79544,Toyota,RAV4,Diesel,Automatic,Used,7708,120.0,2015
138660,Peugeot,3008,,Semi-automatic,Used,3695,117.0,2012
72849,Renault,Kadjar,Diesel,Automatic,Used,11027,207.0,2020
29944,Hyundai,Tucson,Diesel,Automatic,Used,9259,165.0,2017
36168,Mercedes-Benz,E-Class,Petrol,Manual,Used,17110,50.0,2015
135863,Toyota,RAV4,Diesel,Automatic,New,9620,196.0,2018
175933,Mercedes-Benz,C-Class,Petrol,Automatic,Used,7088,188.0,2011
105904,Hyundai,i30,Petrol,Automatic,Used,5843,137.0,2016
127821,Mercedes-Benz,A-Class,Petrol,Automatic,Used,8017,50.0,2013
136302,Skoda,Octavia,Petrol,Manual,Demonstration,5565,101.0,2014
500,Peugeot,3008,Petrol,Automatic,Used,13383,151.0,2021
45568,Volkswagen,Passat,Electric,Automatic,Used,9781,171.0,2017
153681,Volkswagen,Polo,Diesel,Automatic,Used,4772,50.0,2012
25519,Toyota,Yaris,Petrol,Manual,Used,9993,74.0,2015
124412,Volkswagen,Passat,Diesel,Semi-automatic,Used,5462,156.0,2013
2254,SEAT,Arona,Petrol,Automatic,Used,15612,198.0,2021
109406,Hyundai,Tucson,Petrol,Automatic,Used,5214,142.0,2014
100712,SEAT,Leon,Diesel,Manual,Used,4296,160.0,2014
85144,Opel,Insignia,Diesel,Automatic,Used,3911,143.0,2014
86229,Opel,Corsa,Diesel,Automatic,Used,4673,164.0,2012
50066,SEAT,Leon,Diesel,Automatic,Used,11998,135.0,2019
64496,Skoda,Fabia,Petrol,Semi-automatic,Used,9415,133.0,2017
56865,Skoda,Octavia,Diesel,Manual,Used,7552,54.0,2015
107189,BMW,1 Series,Petrol,Automatic,Used,12338,156.0,2015
49677,SEAT,Ateca,Electric,Manual,Used,12118,56.0,2018
133864,Renault,Clio,Diesel,Manual,Used,3055,138.0,2012
500,Renault,Kadjar,Diesel,Manual,Used,12578,95.0,2021
98897,Volkswagen,Golf,Diesel,Manual,New,11111,128.0,2017
91843,Renault,Captur,Electric,Manual,Used,5127,64.0,2013
92214,Renault,Clio,Diesel,Manual,Used,6177,87.0,2016
1711,Mercedes-Benz,E-Class,Diesel,Manual,Used,31692,131.0,2020
136395,Toyota,RAV4,Hybrid,Automatic,Used,4033,155.0,2012
130330,Skoda,Kodiaq,Petrol,Manual,Used,6055,159.0,2016
93607,Opel,Mokka,Diesel,Manual,Used,5327,59.0,2017
84551,Renault,Kadjar,Electric,Manual,Used,10273,50.0,2019
86563,Skoda,Octavia,Electric,Manual,Used,8077,67.0,2017
58865,Skoda,Octavia,Petrol,Manual,Used,6507,65.0,2019
500,Audi,Q5,Diesel,Automatic,Used,28481,199.0,2019
18887,Hyundai,Kona,Petrol,Automatic,Used,15274,189.0,2020
112128,Hyundai,i30,Diesel,Manual,Used,3779,63.0,2014
102828,BMW,3 Series,Petrol,Automatic,Used,15088,204.0,2018
117282,Renault,Captur,Diesel,Manual,Used,4746,165.0,2013
39270,Volkswagen,Golf,Petrol,Automatic,Used,12363,56.0,2020
22902,Ford,Focus,Petrol,Semi-automatic,Demonstration,14893,69.0,2021
160519,Hyundai,Kona,Hybrid,Manual,Used,4625,50.0,2014
70319,Mercedes-Benz,E-Class,Petrol,Manual,Used,12642,107.0,2017
58973,Ford,Focus,Diesel,Automatic,Used,10726,130.0,2020
105330,Mercedes-Benz,A-Class,Diesel,Manual,Used,6307,106.0,2011
3509,Renault,Megane,Petrol,Manual,Used,8890,50.0,2018
500,Opel,Insignia,Diesel,Automatic,Used,10138,65.0,2020
57509,SEAT,Arona,Diesel,Automatic,Used,11557,141.0,2020
158578,Hyundai,i20,Petrol,Manual,Demonstration,4622,135.0,2013
76389,Skoda,Superb,Diesel,Automatic,Used,11535,50.0,2019
21292,Renault,Kadjar,Diesel,Manual,Used,11778,55.0,2019
145276,BMW,5 Series,Petrol,Manual,Used,6600,151.0,2011
55763,Mercedes-Benz,GLC,Hybrid,Automatic,Used,19647,72.0,2018
125529,Hyundai,i30,Petrol,Automatic,Used,6215,125.0,2017
74284,Toyota,Corolla,Diesel,Automatic,Used,11615,71.0,2021
192783,SEAT,Arona,Petrol,Automatic,Demonstration,3564,157.0,2011
26586,Ford,Kuga,Electric,Automatic,Used,16279,50.0,2021
121738,Mercedes-Benz,GLC,Diesel,Automatic,Used,13914,112.0,2017
111046,Toyota,C-HR,Petrol,Automatic,Used,5904,165.0,2014
91317,Peugeot,3008,Petrol,Manual,Used,5095,136.0,2015
40484,Mercedes-Benz,C-Class,,Automatic,Used,22831,107.0,2019
500,SEAT,Leon,Diesel,Manual,Used,13886,84.0,2021
113875,SEAT,Arona,Electric,Automatic,Used,5170,113.0,2014
500,Opel,Insignia,Diesel,Manual,Used,11415,57.0,2021
110875,Hyundai,i30,Diesel,Manual,Used,5818,106.0,2017
154029,BMW,5 Series,Diesel,Automatic,Used,8701,118.0,2013
125035,Audi,Q5,Petrol,Automatic,Used,13631,107.0,2017
500,BMW,3 Series,Diesel,Manual,Used,16952,158.0,2019
231559,Renault,Clio,Petrol,Manual,New,2877,57.0,2011
109963,SEAT,Arona,Electric,Automatic,Used,5288,50.0,2011
123059,Hyundai,i30,Diesel,Semi-automatic,Used,2965,81.0,2011
53271,Skoda,Kodiaq,Petrol,Manual,Used,10061,117.0,2017
210770,BMW,X3,Hybrid,Manual,Used,4481,100.0,2011
22895,Opel,Mokka,Diesel,Manual,Used,12301,108.0,2021
141466,BMW,X3,Petrol,Manual,Used,6130,55.0,2012
137258,Renault,Kadjar,Hybrid,Manual,Used,2646,61.0,2011
86842,Renault,Kadjar,Petrol,Automatic,Used,5781,100.0,2013
84642,Toyota,Yaris,Petrol,Automatic,New,11938,102.0,2019
57952,Ford,Mondeo,Electric,Manual,Used,12897,163.0,2020
182336,Audi,A6,Petrol,Manual,Used,6036,119.0,2013
103889,Volkswagen,Golf,Diesel,Manual,New,9505,86.0,2016
500,Ford,Focus,Diesel,Manual,Used,14098,162.0,2019
1440,Opel,Corsa,Petrol,Manual,Used,10227,133.0,2019
166270,Peugeot,208,Diesel,Manual,Used,3221,50.0,2012
17060,Peugeot,308,Diesel,Automatic,Used,11699,50.0,2020
10441,BMW,1 Series,Diesel,Manual,Used,18083,54.0,2020
6387,Audi,A4,Petrol,Automatic,Demonstration,29305,155.0,2019
123166,Skoda,Octavia,Petrol,Automatic,Used,7043,165.0,2016
120967,Ford,Fiesta,Diesel,Manual,Used,4782,50.0,2015
47542,Volkswagen,Golf,Diesel,Manual,Used,17227,144.0,2020
7824,Toyota,C-HR,Diesel,Automatic,Demonstration,20343,157.0,2020
96170,Renault,Clio,Diesel,Manual,Used,6323,173.0,2016
500,Skoda,Kodiaq,Petrol,Manual,Used,15436,156.0,2019
100456,Audi,A4,Diesel,Automatic,Used,11445,185.0,2015
500,Toyota,Yaris,Hybrid,Automatic,Used,19224,150.0,2019
110116,Volkswagen,Passat,Diesel,Automatic,Used,5426,140.0,2011
18719,Opel,Corsa,Diesel,Manual,Used,9371,99.0,2020
173129,Peugeot,508,Electric,Manual,Used,4600,147.0,2016
11974,Hyundai,Tucson,Diesel,Manual,Used,9362,51.0,2017
91475,Audi,Q5,Diesel,Manual,Used,10049,101.0,2013
97587,SEAT,Leon,Diesel,,Used,6843,149.0,2016
226930,Mercedes-Benz,C-Class,Petrol,Manual,Used,4871,168.0,2011
37076,BMW,3 Series,Diesel,Manual,Used,20893,92.0,2020
69575,Ford,Fiesta,Petrol,Manual,Used,9379,156.0,2019
93184,Toyota,Corolla,Petrol,Manual,Used,8332,100.0,2015
12128,Renault,Kadjar,Electric,Manual,Demonstration,16595,158.0,2020
47876,Opel,Corsa,Petrol,Automatic,Used,8112,92.0,2019
126960,Audi,Q5,Petrol,Manual,Used,5984,139.0,2012
190349,BMW,3 Series,Petrol,Automatic,Used,5388,116.0,2011
78780,Audi,A4,Petrol,Manual,Demonstration,9967,54.0,2013
196150,BMW,1 Series,Petrol,Manual,Used,4647,98.0,2011
76376,Mercedes-Benz,C-Class,Petrol,Automatic,Used,18539,185.0,2017
82485,Renault,Megane,Diesel,Automatic,Used,6020,79.0,2016
32496,BMW,1 Series,Petrol,Manual,Used,11689,50.0,2016
130707,Volkswagen,Passat,Diesel,Manual,Used,4804,123.0,2011
56953,Skoda,Kodiaq,Petrol,Automatic,Used,10327,54.0,2021
7699,Audi,A6,Diesel,Automatic,Used,32326,200.0,2021
84744,Opel,Mokka,Diesel,Manual,New,7966,180.0,2017
134216,BMW,1 Series,Diesel,Manual,Used,6818,152.0,2011
103983,Mercedes-Benz,GLC,Diesel,Manual,Used,11161,108.0,2015
11975,Opel,Astra,Diesel,Automatic,New,13162,202.0,2018
48496,Renault,Captur,Diesel,Automatic,Demonstration,11003,189.0,2019
147972,Ford,Focus,Petrol,Manual,Used,4033,83.0,2013
41222,Skoda,Octavia,Diesel,Manual,Used,15792,179.0,2020
500,Skoda,Fabia,Hybrid,Manual,Used,17760,74.0,2021
78028,Audi,A6,Petrol,Automatic,Demonstration,15832,116.0,2016
123802,Audi,A4,Diesel,Automatic,Used,9082,50.0,2015
82600,Opel,Mokka,Diesel,Automatic,Used,6217,132.0,2016
154944,Volkswagen,Polo,Petrol,Automatic,Used,3716,107.0,2011
156621,Renault,Captur,Diesel,Manual,Used,4739,90.0,2016
131715,SEAT,Arona,Petrol,Automatic,Used,3103,113.0,2011
202815,Audi,Q5,Petrol,Manual,Used,4405,79.0,2011
34586,Ford,Focus,Petrol,Manual,Used,7399,113.0,2017
112917,Audi,A6,Diesel,Manual,Used,12201,168.0,2016
39785,SEAT,Ibiza,Petrol,Automatic,Used,12024,82.0,2021
72137,Peugeot,3008,Diesel,Manual,Used,6952,149.0,2016
500,BMW,5 Series,Petrol,Manual,Used,23874,125.0,2021
500,Ford,Mondeo,Hybrid,Automatic,Used,16234,145.0,2019
98471,Volkswagen,Tiguan,Diesel,Automatic,Used,7479,122.0,2014
33418,Opel,Mokka,Petrol,Manual,Used,10423,83.0,2021
52283,Mercedes-Benz,GLC,Petrol,Manual,Demonstration,17263,130.0,2016
78393,Ford,Fiesta,Petrol,Automatic,Used,8470,149.0,2017
98325,Opel,Insignia,Diesel,Manual,Used,3184,70.0,2012
126814,Audi,A3,Petrol,Manual,Used,6796,50.0,2013
49853,Ford,Kuga,Diesel,Manual,New,11409,114.0,2016
132271,Peugeot,208,Diesel,Manual,Demonstration,4124,141.0,2013
57462,Peugeot,3008,Petrol,Automatic,Demonstration,9449,171.0,2017
123337,Volkswagen,Tiguan,Petrol,Automatic,Used,6009,174.0,2011
111939,Ford,Kuga,Diesel,Manual,Used,4518,124.0,2013
27305,Toyota,C-HR,Hybrid,Semi-automatic,Used,12399,100.0,2018
29013,Skoda,Octavia,Diesel,Automatic,Used,10325,126.0,2017
52896,Mercedes-Benz,GLC,Petrol,Automatic,Used,23961,74.0,2021
17394,SEAT,Ateca,Petrol,Manual,Used,12949,83.0,2020
500,BMW,X3,Diesel,Manual,Used,22508,111.0,2019
143185,Volkswagen,Tiguan,Petrol,Automatic,Used,5563,108.0,2011
107015,SEAT,Ateca,Petrol,Automatic,Used,7411,130.0,2017
108352,Skoda,Fabia,Petrol,Manual,Used,5362,50.0,2013
187421,Peugeot,3008,Petrol,Manual,Used,2864,55.0,2013
105017,Ford,Kuga,Hybrid,Manual,Used,6259,142.0,2013
107619,Toyota,C-HR,Electric,Manual,Used,8809,72.0,2016
186282,Opel,Corsa,Diesel,Manual,New,3100,76.0,2012
105757,Renault,Captur,Diesel,Manual,Used,5806,114.0,2016
101893,BMW,X3,Petrol,Manual,Used,7835,64.0,2012
57014,BMW,3 Series,Electric,Automatic,Used,20205,175.0,2016
115952,Peugeot,208,Petrol,Automatic,Used,6517,69.0,2017
121839,Toyota,Yaris,Diesel,Manual,Used,4933,106.0,2012
184149,Hyundai,Tucson,Electric,Manual,Used,3803,72.0,2012
29940,Audi,A4,Diesel,Manual,Used,19164,120.0,2019
49950,Volkswagen,Tiguan,Diesel,Manual,Demonstration,15250,91.0,2019
86486,Hyundai,Tucson,Petrol,Automatic,Used,5212,121.0,2013
8711,SEAT,Ibiza,Diesel,Manual,Used,13212,169.0,2020
104364,Mercedes-Benz,C-Class,Petrol,Automatic,Used,10213,91.0,2013
22896,Peugeot,308,Diesel,Manual,Used,11904,84.0,2021
153262,Toyota,C-HR,Petrol,Semi-automatic,Used,4727,92.0,2012
76193,Audi,A3,Hybrid,Automatic,Used,19216,193.0,2018
147832,Peugeot,208,Diesel,Automatic,Demonstration,4140,116.0,2011
102442,Peugeot,208,Petrol,Automatic,Used,4603,178.0,2013
111396,Skoda,Fabia,Petrol,Manual,Used,6223,101.0,2015
128964,SEAT,Arona,Diesel,Manual,Used,3640,159.0,2011
127745,Audi,A6,Petrol,Manual,Used,13286,128.0,2016
130992,Hyundai,i30,Petrol,Automatic,Used,4405,147.0,2013
138585,Hyundai,i20,Diesel,Automatic,Used,3712,56.0,2012
31176,Hyundai,i30,Electric,Manual,Used,15697,50.0,2021
12327,Renault,Captur,Diesel,Automatic,Demonstration,14211,178.0,2021
500,Volkswagen,Polo,Diesel,Manual,Used,19213,163.0,2021
112850,Ford,Kuga,Diesel,Manual,Used,5345,215.0,2012
142020,Opel,Mokka,Petrol,Automatic,Used,4108,57.0,2015
122936,Hyundai,i20,Hybrid,Manual,Used,5525,130.0,2014
61145,Skoda,Fabia,Diesel,Manual,Used,6377,62.0,2014
117324,Skoda,Octavia,Diesel,Automatic,Used,5746,91.0,2015
70426,BMW,X3,Diesel,Automatic,Used,13933,102.0,2016
59393,Peugeot,308,Petrol,Automatic,Used,7151,142.0,2016
79929,Ford,Fiesta,Diesel,Manual,Used,6562,78.0,2014
49998,BMW,3 Series,Diesel,Manual,Demonstration,21681,117.0,2021
500,Hyundai,i20,Diesel,Automatic,Used,18620,167.0,2021
90686,Mercedes-Benz,E-Class,Petrol,Automatic,Used,11855,174.0,2014
139204,Volkswagen,Passat,Petrol,Manual,Demonstration,5895,138.0,2013
145243,Volkswagen,Golf,Petrol,Automatic,Used,6046,145.0,2016
124385,Opel,Astra,Diesel,,Used,4849,118.0,2015
500,BMW,5 Series,Petrol,Automatic,Used,24980,104.0,2021
158527,Toyota,RAV4,Petrol,Automatic,Used,6132,148.0,2015
117571,Skoda,Fabia,Petrol,Manual,Used,4137,58.0,2011
159287,Audi,A4,Diesel,Automatic,Used,6741,126.0,2012
182072,Volkswagen,Golf,Diesel,Manual,Used,2588,57.0,2011
74161,Opel,Insignia,Petrol,Manual,Used,6600,107.0,2015
144416,BMW,1 Series,Diesel,Manual,Used,6826,61.0,2014
12014,Hyundai,Kona,Petrol,Manual,New,17359,96.0,2020
54330,Audi,A6,Diesel,Manual,Used,17906,84.0,2020
85614,Opel,Insignia,Diesel,Automatic,Demonstration,5093,85.0,2012
26724,Volkswagen,Polo,Petrol,Manual,Used,15271,111.0,2021
60576,BMW,3 Series,Diesel,Manual,Used,12904,50.0,2017
160240,Mercedes-Benz,E-Class,Diesel,Semi-automatic,Used,8350,50.0,2014
103461,Volkswagen,Passat,Petrol,Manual,Used,6058,145.0,2015
148723,Renault,Captur,Petrol,Manual,Used,3828,116.0,2015
167766,Hyundai,Kona,Electric,Automatic,Used,4815,88.0,2012
25537,Hyundai,Kona,Diesel,Semi-automatic,Used,14523,158.0,2020
192568,Audi,A3,Electric,Automatic,Demonstration,6935,91.0,2011
192792,Peugeot,208,Petrol,Manual,Used,2238,79.0,2011
136517,Skoda,Fabia,Diesel,Automatic,Used,5394,88.0,2014
69769,Volkswagen,Tiguan,Petrol,Automatic,Used,5361,207.0,2012
130610,BMW,1 Series,Petrol,Automatic,Used,8320,131.0,2011
153444,Skoda,Octavia,Petrol,Manual,Used,4455,118.0,2015
61042,Opel,Astra,Diesel,Automatic,Used,5712,145.0,2015
180886,Volkswagen,Passat,Hybrid,Automatic,Used,4585,50.0,2012
69726,Hyundai,Tucson,Petrol,Manual,Used,8982,86.0,2019
4599,Renault,Kadjar,Hybrid,Manual,Used,11268,134.0,2020
500,Skoda,Kodiaq,Petrol,Manual,Demonstration,16625,112.0,2018
70088,Hyundai,i20,Petrol,Automatic,Used,5570,224.0,2016
87731,Hyundai,i20,Petrol,Manual,Used,8525,91.0,2021
89785,Hyundai,Tucson,Petrol,Automatic,Used,5559,165.0,2014
77201,Audi,A6,Electric,Manual,Used,13819,145.0,2015
130085,Toyota,C-HR,Petrol,Automatic,Used,5308,126.0,2011
102517,Skoda,Superb,Diesel,Manual,Used,6511,127.0,2018
141498,Renault,Captur,Petrol,Automatic,Used,4024,108.0,2012
38093,Toyota,Corolla,Diesel,Automatic,Used,11263,50.0,2018
94472,BMW,3 Series,Hybrid,Automatic,Used,15526,144.0,2019
155282,Opel,Mokka,Petrol,Automatic,Used,2561,141.0,2013
42825,BMW,1 Series,Petrol,Automatic,Used,16981,152.0,2017
77175,Audi,A3,Diesel,Automatic,Used,10721,126.0,2014
145536,Ford,Kuga,Petrol,Manual,Used,5170,153.0,2015
90588,Toyota,Corolla,Diesel,Automatic,Used,7674,86.0,2016
80783,Toyota,Corolla,Petrol,Manual,Used,7325,173.0,2013
500,Ford,Mondeo,Petrol,Automatic,Used,12819,84.0,2019
65939,Audi,Q5,Petrol,Automatic,Used,12614,119.0,2015
46618,Skoda,Octavia,Diesel,Automatic,Used,10459,156.0,2016
500,Toyota,Corolla,Petrol,Manual,New,19997,90.0,2019
96517,Hyundai,Kona,Petrol,Manual,Used,5451,141.0,2013
72832,Mercedes-Benz,GLC,Electric,Automatic,Used,19692,109.0,2015
500,Mercedes-Benz,C-Class,Electric,Manual,Used,35737,120.0,2021
164252,Renault,Kadjar,Petrol,Automatic,New,5427,116.0,2015
140660,Audi,A4,Diesel,Manual,Used,7618,80.0,2012
114135,Mercedes-Benz,A-Class,Diesel,Manual,Used,7464,209.0,2014
32824,Volkswagen,Golf,Electric,Automatic,Used,20620,,2021
36694,Ford,Kuga,Hybrid,Manual,Used,11244,50.0,2019
59005,Ford,Kuga,Diesel,Manual,Used,10023,77.0,2019
144822,Skoda,Superb,Petrol,Manual,Used,3987,113.0,2013
34291,Mercedes-Benz,GLC,Diesel,Semi-automatic,Used,25697,97.0,2020
201826,Renault,Kadjar,Diesel,Automatic,New,4373,170.0,2015
76889,Renault,Kadjar,Hybrid,Semi-automatic,Used,8315,157.0,2019
500,Opel,Insignia,Hybrid,Manual,Used,11175,100.0,2020
147958,Mercedes-Benz,GLC,Hybrid,Manual,Used,9684,50.0,2013
500,Skoda,Superb,Diesel,Manual,Used,11432,57.0,2021
90619,Renault,Captur,Petrol,Manual,Used,7354,110.0,2017
500,Ford,Kuga,Electric,Manual,Used,18072,50.0,2019
6228,Audi,Q5,Petrol,Manual,Used,20713,96.0,2019
162037,Skoda,Octavia,Petrol,Manual,Used,4409,170.0,2012
79918,Ford,Kuga,Petrol,Automatic,Used,9926,143.0,2019
152593,Ford,Fiesta,Diesel,Manual,Used,4784,109.0,2013
164894,Ford,Mondeo,Petrol,Manual,Used,4076,60.0,2013
163084,Audi,A3,Electric,Manual,Used,10442,114.0,2012
156037,Renault,Captur,Diesel,Automatic,Used,2594,109.0,2012
500,Opel,Astra,Diesel,Automatic,Used,13180,141.0,2021
148455,Opel,Mokka,Petrol,Automatic,Used,3075,156.0,2014
140871,SEAT,Arona,Petrol,Automatic,Used,4964,164.0,2015
87791,Ford,Focus,Diesel,Manual,Used,8614,116.0,2016
55908,BMW,1 Series,Diesel,Manual,Used,17694,135.0,2018
130699,Toyota,Corolla,,Automatic,Used,8460,103.0,2017
89285,Volkswagen,Tiguan,Diesel,Automatic,Used,9494,176.0,2016
32649,Skoda,Superb,Petrol,Automatic,Used,14014,89.0,2020
106948,Audi,A3,Petrol,Manual,Used,10646,101.0,2016
41577,Mercedes-Benz,C-Class,Petrol,Automatic,Used,20867,184.0,2019
500,Volkswagen,Polo,Petrol,Semi-automatic,Used,16455,93.0,2021
73229,Toyota,Yaris,Petrol,Manual,Used,6394,52.0,2018
163644,Opel,Astra,Petrol,Manual,Demonstration,2808,87.0,2011
199479,Ford,Mondeo,Petrol,Automatic,Used,3777,185.0,2013
102596,Renault,Kadjar,Petrol,Automatic,Used,5409,50.0,2017
69158,Volkswagen,Polo,Petrol,Manual,Used,8652,115.0,2016
145517,Skoda,Octavia,Petrol,Manual,Demonstration,5562,79.0,2014
130775,Opel,Astra,Petrol,Automatic,New,6054,115.0,2014
210830,Skoda,Kodiaq,Petrol,Automatic,Used,2549,104.0,2011
116644,BMW,5 Series,Diesel,Automatic,Used,8327,165.0,2013
51604,Hyundai,i20,Petrol,Manual,Used,10719,115.0,2019
161532,Mercedes-Benz,E-Class,Diesel,Manual,Used,6915,150.0,2011
32047,Renault,Megane,Electric,Automatic,Used,16587,187.0,2020
89018,Renault,Captur,Petrol,Manual,Used,5459,109.0,2014
65157,Ford,Fiesta,Diesel,Manual,Used,12237,97.0,2019
149629,BMW,1 Series,Petrol,Automatic,Used,7602,139.0,2013
74983,Audi,A6,Diesel,Manual,Used,22296,140.0,2020
74649,Peugeot,508,Electric,Automatic,Used,7914,74.0,2017
15586,Toyota,Corolla,Hybrid,Manual,Used,21795,125.0,2020
192625,Hyundai,Tucson,Petrol,Automatic,Used,3080,109.0,2011
17203,Mercedes-Benz,E-Class,Petrol,Automatic,Used,25509,109.0,2019
172974,SEAT,Ateca,Electric,Manual,New,6691,76.0,2013
157899,BMW,X3,Petrol,Automatic,Used,6724,95.0,2014
209005,Renault,Megane,Electric,Manual,Used,2568,162.0,2011
28182,Ford,Mondeo,Diesel,Automatic,Used,14273,114.0,2021
42973,Renault,Kadjar,Electric,Manual,Used,11128,163.0,2018
18822,Renault,Kadjar,Petrol,Semi-automatic,Used,14456,121.0,2021
88302,Hyundai,i20,Diesel,Manual,Used,6059,60.0,2017
130395,Opel,Insignia,Hybrid,Automatic,Used,4595,130.0,2012
166659,Ford,Focus,Petrol,Manual,Used,3814,55.0,2014
125303,Skoda,Octavia,Electric,Manual,Used,7132,136.0,2015
118772,BMW,1 Series,Diesel,Manual,Used,7386,97.0,2012
80901,BMW,3 Series,Petrol,Manual,Used,19005,153.0,2021
18409,Skoda,Kodiaq,Petrol,Manual,Used,16356,180.0,2021
36706,Peugeot,308,Diesel,Manual,Demonstration,8049,50.0,2017
45941,Skoda,Fabia,Petrol,Automatic,Used,8193,105.0,2017
112072,Peugeot,208,Petrol,Manual,Used,5842,58.0,2018
123874,Mercedes-Benz,A-Class,Diesel,Manual,Used,15046,209.0,2018
200332,Opel,Insignia,Petrol,Automatic,Used,1934,100.0,2011
136176,SEAT,Leon,Diesel,Automatic,Used,5860,66.0,2016
87582,Ford,Mondeo,Petrol,Manual,Used,10704,214.0,2019
64492,Volkswagen,Polo,Electric,Manual,Used,16996,80.0,2019
86516,Volkswagen,Passat,Petrol,Manual,Used,8831,50.0,2017
48895,Hyundai,i30,Petrol,Automatic,Used,8745,77.0,2020
100761,SEAT,Ateca,Diesel,Automatic,Used,7814,132.0,2017
79044,Audi,A3,Diesel,Automatic,Used,14114,126.0,2015
130619,Audi,A4,Electric,Semi-automatic,Used,10847,71.0,2015
111052,Volkswagen,Passat,Diesel,Automatic,Used,9128,105.0,2018
22777,Hyundai,Tucson,Diesel,Semi-automatic,Used,12779,116.0,2020
124036,BMW,5 Series,Diesel,Automatic,Used,10967,182.0,2013
136679,Peugeot,3008,Petrol,Automatic,Used,4222,138.0,2014
37262,Mercedes-Benz,A-Class,Petrol,Automatic,Used,22286,102.0,2018
500,Ford,Fiesta,Diesel,Automatic,Used,13875,118.0,2019
145170,Audi,A3,Diesel,Manual,Used,9393,144.0,2015
44217,Peugeot,3008,Diesel,Manual,Demonstration,11411,188.0,2018
165646,Volkswagen,Tiguan,Diesel,Manual,Used,3312,55.0,2011
98646,Ford,Mondeo,Diesel,Manual,Used,5790,158.0,2014
59686,Audi,A6,Petrol,Automatic,Used,22741,116.0,2021
104861,Audi,Q5,Petrol,Automatic,Used,10454,53.0,2017
21574,Mercedes-Benz,GLC,Diesel,Manual,Used,26551,50.0,2020
93704,Toyota,RAV4,Petrol,Manual,Demonstration,7637,,2013
107857,Ford,Focus,Petrol,Manual,Used,5501,173.0,2014
34955,Opel,Insignia,Diesel,Automatic,Used,10529,104.0,2021
21602,Ford,Kuga,Diesel,Automatic,Used,14532,120.0,2021
33818,Hyundai,i30,Petrol,Manual,Used,11922,50.0,2020
127409,Ford,Mondeo,Diesel,Manual,Demonstration,5570,142.0,2014
71558,Ford,Mondeo,,Semi-automatic,Used,8591,112.0,2019
88535,Audi,A4,Petrol,Automatic,New,15912,55.0,2016
45750,Audi,A4,Electric,Automatic,Used,28646,138.0,2020
500,BMW,3 Series,Diesel,Manual,Used,20895,51.0,2020
194385,SEAT,Ibiza,Diesel,Manual,Used,4069,134.0,2015
110065,Volkswagen,Polo,Electric,Automatic,Used,7452,74.0,2014
22126,Mercedes-Benz,E-Class,Petrol,Manual,Used,23585,130.0,2021
124826,Mercedes-Benz,E-Class,Diesel,Automatic,Used,14907,95.0,2015
90622,Audi,A3,Petrol,Automatic,Used,14053,50.0,2015
60274,Peugeot,308,Diesel,Manual,Used,8183,157.0,2018
14849,SEAT,Ateca,Petrol,Manual,Used,15473,162.0,2021
118009,Hyundai,i30,Hybrid,Automatic,Used,5413,98.0,2012
30351,Ford,Kuga,Petrol,Automatic,Used,14103,142.0,2021
47277,Hyundai,i30,Petrol,Manual,Used,7440,129.0,2015
226345,Volkswagen,Passat,Hybrid,Automatic,Used,3497,141.0,2011
147754,Skoda,Superb,Petrol,Manual,Used,5745,186.0,2014
112369,Peugeot,508,Diesel,Automatic,Used,6611,144.0,2016
500,Skoda,Octavia,Petrol,Automatic,Used,15473,111.0,2018
47261,Hyundai,Kona,Diesel,Manual,Used,8809,130.0,2017
198627,Audi,A4,Diesel,Automatic,Used,7375,102.0,2012
235293,Volkswagen,Golf,Petrol,Automatic,Used,4494,77.0,2016
176814,Peugeot,3008,Diesel,Automatic,Used,4332,177.0,2013
171293,Volkswagen,Golf,Diesel,Manual,Used,4252,131.0,2013
78374,Peugeot,208,Petrol,Automatic,Used,6179,50.0,2018
15338,Renault,Kadjar,Diesel,Automatic,Used,12824,97.0,2019
184831,Toyota,Yaris,Petrol,Manual,Used,4127,140.0,2012
36458,Opel,Insignia,Diesel,Manual,Used,7405,50.0,2017
62630,Toyota,Yaris,Petrol,Automatic,Used,8034,90.0,2015
75426,Mercedes-Benz,C-Class,Electric,Automatic,Used,15494,243.0,2014
94150,Opel,Astra,Diesel,Manual,Used,5622,97.0,2018
132991,BMW,3 Series,Petrol,Automatic,Used,8778,171.0,2013
48530,Peugeot,308,Diesel,Manual,Used,9182,181.0,2019
104461,Renault,Megane,Diesel,Automatic,Used,3845,83.0,2015
110600,Peugeot,208,Diesel,Manual,Used,4585,118.0,2012
21524,Peugeot,308,Diesel,Manual,Used,10107,206.0,2019
8285,Audi,A4,Diesel,Semi-automatic,New,38244,135.0,2020
25815,Volkswagen,Passat,Petrol,Automatic,Used,12056,232.0,2017
42353,Hyundai,Kona,Petrol,Manual,Used,9340,83.0,2018
112154,Opel,Insignia,Hybrid,Automatic,Used,4911,202.0,2012
140219,BMW,1 Series,Hybrid,Automatic,Used,10875,124.0,2014
143134,Hyundai,i20,Petrol,Automatic,Used,4480,108.0,2014
500,Hyundai,i20,,Manual,Used,13157,,2019
109618,Opel,Mokka,Diesel,Manual,Used,4477,103.0,2014
109962,Peugeot,308,Petrol,Automatic,Used,7243,124.0,2019
85673,Volkswagen,Tiguan,Electric,Automatic,Used,8313,145.0,2014
89932,BMW,5 Series,Diesel,Manual,Used,11611,50.0,2017
138693,Audi,A3,Diesel,Manual,Used,7200,71.0,2013
113251,SEAT,Arona,Petrol,Manual,Used,6569,144.0,2017
175341,BMW,X3,Electric,Manual,Used,8655,150.0,2011
29905,Volkswagen,Tiguan,Petrol,Automatic,New,21639,144.0,2019
167337,Renault,Megane,Petrol,Manual,Used,2395,117.0,2011
17848,Peugeot,208,Petrol,Automatic,Used,15924,148.0,2021
26791,Renault,Captur,Diesel,Automatic,Demonstration,12524,172.0,2020
28831,Peugeot,208,Petrol,Manual,New,11373,50.0,2017
58508,Peugeot,3008,Petrol,Automatic,Used,9493,107.0,2021
82325,SEAT,Leon,Petrol,Manual,Demonstration,9129,110.0,2019
113453,Skoda,Kodiaq,Petrol,Manual,Used,5200,115.0,2012
34475,Toyota,C-HR,Diesel,Manual,Used,10868,50.0,2019
97122,Ford,Fiesta,Diesel,Automatic,Used,6170,67.0,2015
500,BMW,1 Series,Diesel,Manual,Used,26016,113.0,2020
500,Peugeot,208,Diesel,Semi-automatic,Demonstration,12042,160.0,2020
500,Audi,A3,Diesel,Manual,Used,21219,96.0,2021
92526,Hyundai,Kona,Petrol,Manual,Used,6374,79.0,2015
84557,Ford,Kuga,Petrol,Automatic,Used,7750,146.0,2013
156194,Toyota,Corolla,Petrol,Automatic,Used,4703,106.0,2012
190700,Volkswagen,Golf,Petrol,Automatic,Used,4451,161.0,2012
44474,SEAT,Leon,Hybrid,Manual,Used,11932,105.0,2021
70566,Opel,Insignia,Hybrid,Manual,Used,8033,61.0,2017
55586,Opel,Mokka,Diesel,Manual,Used,5199,172.0,2014
130050,Audi,Q5,Diesel,Manual,Demonstration,12654,165.0,2015
155124,Hyundai,i30,Diesel,Automatic,Demonstration,4368,78.0,2012
89852,Ford,Fiesta,Electric,Manual,Used,10176,129.0,2017
172764,Toyota,Yaris,Diesel,Automatic,Used,5763,109.0,2015
16132,Opel,Astra,Diesel,Automatic,Used,10985,156.0,2019
64381,Volkswagen,Polo,Petrol,Manual,Used,5849,66.0,2011
500,Toyota,RAV4,Petrol,Manual,Used,19968,154.0,2021
182012,Mercedes-Benz,C-Class,Petrol,Automatic,Used,5835,174.0,2011
105942,Audi,A4,Petrol,Manual,Used,9918,66.0,2015
77453,Toyota,RAV4,Petrol,Manual,Used,8169,111.0,2014
10310,Toyota,C-HR,Electric,Manual,Used,17543,167.0,2018
47589,Hyundai,Kona,Diesel,Automatic,Used,9131,82.0,2018
91387,Opel,Corsa,Electric,Automatic,Used,6210,92.0,2013
108222,Peugeot,308,Petrol,Automatic,Used,6474,155.0,2016
75600,Audi,Q5,Diesel,Manual,Used,10940,103.0,2016
68051,Renault,Captur,Hybrid,Automatic,Used,7572,54.0,2016
138460,Skoda,Fabia,Hybrid,Manual,Used,4282,91.0,2011
159209,Volkswagen,Passat,Petrol,Automatic,Used,5248,200.0,2012
91491,Opel,Astra,Electric,Semi-automatic,Used,7275,203.0,2016
142069,Opel,Corsa,Diesel,Automatic,Used,3691,93.0,2013
96305,Audi,A4,Diesel,Manual,Used,9049,69.0,2016
147473,Ford,Mondeo,Diesel,Automatic,Used,3521,100.0,2012
8840,Skoda,Octavia,Electric,Manual,Demonstration,21382,194.0,2019
109437,Volkswagen,Tiguan,Petrol,Manual,Used,7734,145.0,2013
46186,BMW,5 Series,Hybrid,Automatic,Used,22510,193.0,2018
102282,Peugeot,208,Petrol,Manual,Used,7348,159.0,2020
72791,Ford,Kuga,Petrol,Manual,Used,5898,50.0,2014
135336,SEAT,Ateca,Diesel,Automatic,Used,3524,78.0,2012
168439,Skoda,Octavia,Diesel,Automatic,Used,4041,89.0,2011
109383,Skoda,Octavia,Petrol,Automatic,Used,5879,100.0,2014
187589,Ford,Focus,Petrol,Manual,Used,3483,75.0,2012
19203,Opel,Corsa,Diesel,Automatic,Used,10465,104.0,2020
6791,Peugeot,208,Electric,Manual,Used,18708,144.0,2021
43512,Hyundai,Tucson,Petrol,Automatic,Used,10441,136.0,2021
78375,Audi,A3,Diesel,Manual,Used,20607,170.0,2021
124262,Renault,Kadjar,Electric,Manual,Used,7235,122.0,2017
115217,Hyundai,Kona,Petrol,Automatic,Used,4979,93.0,2014
103267,Volkswagen,Passat,Petrol,Manual,Used,7317,117.0,2015
136635,Peugeot,508,Diesel,Automatic,Used,3919,54.0,2013
35145,Opel,Mokka,Diesel,Manual,Used,10183,50.0,2020
75343,Hyundai,i20,Diesel,Manual,Used,6924,138.0,2015
137781,Skoda,Fabia,Petrol,Manual,Used,5808,155.0,2015
67231,Toyota,C-HR,Petrol,Manual,Used,11289,115.0,2018
103430,BMW,5 Series,Hybrid,Manual,Used,9680,91.0,2015
75510,BMW,X3,Electric,Manual,Demonstration,13470,50.0,2014
137180,Hyundai,Kona,Diesel,Manual,Used,3557,160.0,2013
98738,Skoda,Kodiaq,Hybrid,Automatic,Used,5825,142.0,2011
144642,Skoda,Fabia,Diesel,Automatic,Used,4203,133.0,2011
85292,Mercedes-Benz,E-Class,Diesel,Manual,Used,14123,109.0,2015
25045,Mercedes-Benz,C-Class,Petrol,Manual,Used,26723,94.0,2021
200795,Peugeot,308,Electric,Manual,Used,3223,57.0,2013
80017,Audi,A4,Hybrid,Manual,Used,17413,123.0,2018
170694,SEAT,Leon,Petrol,Manual,Used,2965,84.0,2014
142582,Audi,A4,Diesel,Manual,Used,7787,89.0,2014
189377,Audi,Q5,Diesel,Semi-automatic,Used,4364,183.0,2012
139999,BMW,1 Series,Diesel,Automatic,Used,11850,124.0,2017
34386,Hyundai,Tucson,Petrol,Manual,New,12068,50.0,2018
92101,Hyundai,i20,Petrol,Manual,Used,5224,84.0,2014
113408,BMW,5 Series,Diesel,Manual,Used,9390,65.0,2016
89871,Ford,Kuga,Petrol,Manual,Used,6131,104.0,2016
142712,Skoda,Octavia,Petrol,Automatic,Used,4908,58.0,2013
51297,Ford,Fiesta,Petrol,Manual,Used,7836,132.0,2018
54131,Renault,Captur,Diesel,Manual,Used,7413,98.0,2017
221727,Audi,Q5,Diesel,Manual,Used,4104,84.0,2011
51505,Volkswagen,Tiguan,Petrol,Automatic,Used,8103,132.0,2016
129024,Ford,Fiesta,Petrol,Manual,Used,5976,106.0,2015
63348,SEAT,Leon,Diesel,Semi-automatic,Used,10793,107.0,2019
64735,Mercedes-Benz,E-Class,Diesel,Manual,New,15179,98.0,2014
500,Peugeot,3008,Hybrid,Manual,Used,13514,,2021
51806,Volkswagen,Polo,Petrol,Manual,Used,10057,126.0,2017
169760,Volkswagen,Polo,Diesel,Manual,Used,3717,116.0,2012
92154,Skoda,Octavia,Petrol,Manual,New,8396,160.0,2015
27004,Skoda,Fabia,Petrol,,Used,13535,89.0,2020
83982,Audi,A3,Diesel,Manual,Used,12244,118.0,2013
141407,Audi,A6,Diesel,Manual,Used,12144,222.0,2018
47492,Volkswagen,Tiguan,Hybrid,Manual,Used,15567,111.0,2019
77465,SEAT,Arona,Petrol,Automatic,Used,9035,127.0,2018
146078,Ford,Fiesta,Diesel,Automatic,Used,2835,63.0,2011
82158,BMW,1 Series,Petrol,Automatic,Used,11925,92.0,2015
186944,Ford,Mondeo,Petrol,Automatic,Used,3946,118.0,2014
52915,Hyundai,i30,Petrol,Manual,Used,7607,132.0,2014
39753,Audi,Q5,Diesel,Automatic,Used,27512,158.0,2020
122597,Toyota,Corolla,Diesel,Manual,Used,4691,120.0,2011
75825,Audi,Q5,Diesel,Manual,Used,15297,146.0,2016
500,Mercedes-Benz,E-Class,Hybrid,Automatic,Used,32910,85.0,2021
500,Audi,A4,Petrol,Manual,Used,28919,136.0,2020
76240,Audi,A3,Petrol,Manual,Used,14336,112.0,2017
500,BMW,1 Series,Diesel,Manual,Used,30515,121.0,2021
93958,SEAT,Leon,Petrol,Manual,New,8915,93.0,2015
71840,Ford,Mondeo,Petrol,Manual,Used,8276,68.0,2017
42425,Renault,Clio,Petrol,Automatic,Used,6377,70.0,2016
217963,Opel,Insignia,Diesel,Manual,Used,1963,119.0,2011
144194,Opel,Corsa,Petrol,Manual,Used,3082,127.0,2011
21688,Opel,Corsa,Diesel,Manual,Demonstration,12380,108.0,2020
129272,BMW,3 Series,Diesel,Automatic,New,10691,120.0,2012
117145,Renault,Clio,Petrol,Semi-automatic,Used,3945,76.0,2014
120785,BMW,5 Series,Diesel,Automatic,New,17360,149.0,2017
161556,Renault,Megane,Diesel,Manual,New,5897,114.0,2017
116097,Hyundai,Kona,Electric,Manual,Used,7101,94.0,2016
53080,Peugeot,308,Diesel,Manual,Used,13184,154.0,2021
105075,Opel,Astra,Petrol,Automatic,Used,6704,157.0,2019
23710,Audi,A4,Petrol,Automatic,Used,26836,61.0,2021
114959,Toyota,RAV4,Petrol,Automatic,Used,9125,129.0,2018
42734,Audi,A4,Diesel,Manual,Used,18954,72.0,2021
80040,Opel,Mokka,Petrol,Automatic,Used,5552,132.0,2017
102262,Peugeot,308,Petrol,Manual,Demonstration,5848,50.0,2016
500,Hyundai,Tucson,Diesel,Manual,Used,9360,122.0,2019
40224,Hyundai,i20,Petrol,Manual,Used,13992,146.0,2020
110969,BMW,3 Series,Hybrid,Automatic,Used,8225,115.0,2011
500,Toyota,C-HR,Diesel,Automatic,Used,17001,78.0,2021
66751,BMW,5 Series,Diesel,Manual,Used,19206,200.0,2018
500,SEAT,Leon,Petrol,Automatic,Used,14454,181.0,2020
59751,Hyundai,Tucson,Petrol,Manual,Demonstration,10336,88.0,2018
19845,SEAT,Ibiza,Petrol,Manual,Used,12281,103.0,2021
126407,Hyundai,Tucson,Diesel,Manual,Used,4511,50.0,2014
103356,Ford,Fiesta,Diesel,Manual,Used,5546,128.0,2013
166454,Audi,A3,Petrol,Automatic,Used,6334,60.0,2013
131877,Audi,A4,Hybrid,Manual,Used,9694,137.0,2013
150438,Ford,Fiesta,Diesel,Manual,Used,2951,153.0,2013
63125,Renault,Clio,Electric,Manual,Used,8422,106.0,2015
128759,Opel,Insignia,Diesel,Automatic,Demonstration,3809,74.0,2013
188405,Renault,Captur,Diesel,Automatic,Used,2897,177.0,2012
123956,Ford,Fiesta,Petrol,Automatic,Used,6151,125.0,2016
17095,Audi,Q5,Diesel,Manual,Used,19037,117.0,2019
130905,Mercedes-Benz,A-Class,Petrol,Manual,Used,6561,64.0,2012
55396,Skoda,Kodiaq,Diesel,Manual,Used,8818,119.0,2016
37026,Toyota,Yaris,Petrol,Automatic,Used,13141,118.0,2018
11033,Toyota,C-HR,Diesel,Manual,Used,11014,52.0,2018
145164,Audi,A4,Petrol,Semi-automatic,Used,7687,166.0,2012
67160,Opel,Insignia,Electric,Automatic,Used,11767,207.0,2019
137523,Renault,Kadjar,Diesel,Automatic,Used,3148,166.0,2011
131829,SEAT,Leon,Petrol,Automatic,Used,3909,161.0,2013
112283,Volkswagen,Polo,Hybrid,Manual,Used,7265,187.0,2014
66929,SEAT,Ibiza,Diesel,Manual,Used,10120,67.0,2020
113594,Volkswagen,Passat,Petrol,Manual,Used,5395,59.0,2013
24867,BMW,1 Series,Petrol,Manual,Demonstration,20969,94.0,2019
500,SEAT,Leon,Electric,Automatic,Used,21073,143.0,2021
500,BMW,3 Series,Diesel,Manual,Used,30636,102.0,2021
138521,Ford,Fiesta,Diesel,Automatic,Used,4332,77.0,2014
145271,SEAT,Leon,Diesel,Automatic,Used,3768,121.0,2012
136918,SEAT,Arona,Diesel,Manual,Used,5452,103.0,2013
89612,Opel,Astra,Diesel,Manual,Used,7372,151.0,2019
181623,BMW,5 Series,Hybrid,Manual,Used,6047,109.0,2013
2382,Peugeot,3008,Diesel,Manual,Demonstration,10005,50.0,2018
127674,Hyundai,i20,,Automatic,Used,5003,141.0,2015
52898,Toyota,C-HR,Diesel,Automatic,Used,13868,199.0,2019
58844,Renault,Kadjar,Diesel,Automatic,New,10383,127.0,2017
86469,Ford,Fiesta,Petrol,Manual,Used,7050,155.0,2017
500,Toyota,RAV4,Diesel,Automatic,Demonstration,21159,105.0,2019
66192,Opel,Mokka,Petrol,Automatic,Used,9996,155.0,2021
123023,BMW,X3,Petrol,Semi-automatic,Used,8885,75.0,2015
59718,Toyota,Yaris,Diesel,Automatic,Used,8036,114.0,2016
54511,Audi,A3,Petrol,Automatic,Used,14705,115.0,2017
500,Hyundai,i30,Diesel,Manual,Used,11425,135.0,2020
79011,Ford,Focus,Diesel,Automatic,Used,7141,88.0,2016
88104,Toyota,Corolla,Hybrid,Manual,Used,6923,50.0,2015
500,Skoda,Superb,Electric,Manual,Used,20758,135.0,2020
42185,Opel,Insignia,Diesel,Manual,Used,9453,134.0,2021
119688,Audi,A3,Petrol,Manual,New,17616,116.0,2017
149042,Toyota,Yaris,Diesel,Manual,Used,4727,148.0,2012
109302,Volkswagen,Golf,Petrol,Manual,Used,6682,99.0,2014
105224,Opel,Corsa,Petrol,Automatic,Used,6018,138.0,2016
59313,Ford,Mondeo,Diesel,Automatic,Used,11848,111.0,2018
22124,Skoda,Fabia,Electric,Automatic,Used,13729,115.0,2018
7156,Audi,A4,Petrol,Automatic,Demonstration,32611,144.0,2020
154625,SEAT,Ateca,Diesel,Manual,Used,3621,207.0,2011
98687,Ford,Focus,Electric,Automatic,Used,10215,158.0,2016
60327,Mercedes-Benz,C-Class,Petrol,Automatic,New,25923,152.0,2018
22363,Mercedes-Benz,C-Class,Diesel,Manual,Used,30794,150.0,2021
96631,Renault,Captur,Petrol,Semi-automatic,Used,3122,50.0,2012
53283,Audi,A4,Electric,Automatic,Demonstration,27481,143.0,2020
165120,Audi,A6,Hybrid,Manual,Used,6279,146.0,2011
224345,SEAT,Ateca,Diesel,Automatic,Used,3043,126.0,2013
16433,Audi,A4,Petrol,Manual,Used,23583,112.0,2020
56321,Ford,Mondeo,Electric,Automatic,Used,12072,86.0,2019
114023,Mercedes-Benz,GLC,Hybrid,Automatic,Used,18728,110.0,2021
81793,Ford,Focus,Diesel,Manual,Used,6761,73.0,2017
72633,Renault,Kadjar,Petrol,Automatic,Used,5741,171.0,2017
55458,Skoda,Octavia,Electric,Manual,Used,10684,178.0,2016
143489,Hyundai,i20,Diesel,Manual,Used,5462,197.0,2016
49431,Peugeot,3008,Petrol,Automatic,Used,7538,87.0,2016
134949,Volkswagen,Golf,Petrol,Automatic,Used,6000,93.0,2014
13426,Ford,Fiesta,Petrol,Manual,Used,15380,80.0,2020
113373,Audi,A3,Petrol,Automatic,Used,10664,77.0,2014
25162,SEAT,Leon,Diesel,Manual,Used,9726,66.0,2017
107009,Audi,Q5,Petrol,Manual,Used,13926,89.0,2018
80277,Hyundai,Kona,Diesel,Automatic,Used,7895,164.0,2016
32472,Audi,A3,Petrol,Manual,Used,16156,79.0,2017
208844,Skoda,Superb,Diesel,Manual,Used,2965,152.0,2011
102355,BMW,5 Series,Diesel,Automatic,Used,13270,185.0,2014
116711,Toyota,Corolla,Hybrid,Automatic,Used,7699,137.0,2015
134450,Toyota,RAV4,Petrol,Automatic,Used,5570,179.0,2015
46591,Peugeot,508,Diesel,Automatic,Used,10876,68.0,2020
500,Ford,Fiesta,Diesel,Automatic,Used,15921,104.0,2020
84337,Volkswagen,Golf,Petrol,Automatic,Used,10719,136.0,2018
116479,Renault,Kadjar,Hybrid,Manual,Used,3676,118.0,2014
153484,Opel,Mokka,Diesel,Manual,Used,3233,169.0,2011
41182,Hyundai,i30,Hybrid,,Used,11419,68.0,2019
500,Renault,Captur,Diesel,Manual,Used,10795,90.0,2020
96726,Skoda,Kodiaq,Petrol,Manual,Used,7907,106.0,2016
500,Hyundai,Tucson,Diesel,Automatic,Used,10559,106.0,2020
4996,Peugeot,308,Diesel,Automatic,Used,13316,83.0,2021
80469,Opel,Mokka,Hybrid,Automatic,Used,6708,105.0,2017
172591,Volkswagen,Tiguan,Diesel,Manual,Used,5148,96.0,2013
136314,BMW,X3,Hybrid,Manual,Used,7807,170.0,2011
95806,Opel,Astra,Diesel,Manual,Used,5857,67.0,2019
108140,Skoda,Fabia,Diesel,Manual,Used,8414,148.0,2017
134971,Volkswagen,Passat,Electric,Manual,Demonstration,4972,163.0,2012
126194,BMW,5 Series,Petrol,Semi-automatic,Used,7040,82.0,2011
500,Renault,Captur,Diesel,Manual,Used,10636,127.0,2021
129511,Peugeot,3008,Petrol,Automatic,Used,4272,149.0,2014
94195,Volkswagen,Golf,Diesel,Manual,Used,6540,126.0,2014
116977,Skoda,Superb,Electric,Automatic,Used,10602,130.0,2017
81217,Volkswagen,Passat,Diesel,Automatic,Used,10129,93.0,2015
500,Renault,Clio,Petrol,Automatic,Used,10696,160.0,2021
68177,Toyota,RAV4,Diesel,Manual,Used,10562,95.0,2018
95988,Toyota,RAV4,Petrol,Automatic,Demonstration,9740,124.0,2014
135299,SEAT,Ibiza,Hybrid,Manual,Used,4345,115.0,2013
64510,SEAT,Ateca,Petrol,Automatic,Demonstration,11547,168.0,2020
79103,Hyundai,i30,,Manual,Used,8058,198.0,2017
19234,SEAT,Leon,Diesel,Automatic,Demonstration,17182,97.0,2021
127180,Opel,Insignia,Diesel,Automatic,Used,4472,125.0,2014
105742,Peugeot,208,Electric,Automatic,Used,4421,53.0,2011
43714,SEAT,Ibiza,Diesel,Automatic,Used,11211,196.0,2020
140598,Toyota,Corolla,Petrol,Manual,Used,5670,109.0,2013
61251,Skoda,Kodiaq,Diesel,Automatic,Used,10916,116.0,2020
81203,Toyota,Yaris,Hybrid,Manual,Used,8303,114.0,2018
127932,Volkswagen,Tiguan,Petrol,Manual,Used,4393,112.0,2013
81134,Volkswagen,Golf,Petrol,Manual,Used,9793,80.0,2019
154758,BMW,5 Series,Electric,Manual,Used,9388,158.0,2011
113650,Skoda,Fabia,Hybrid,Manual,Used,5820,138.0,2015
109110,Renault,Megane,Petrol,Automatic,Used,5634,158.0,2014
76162,Mercedes-Benz,C-Class,Petrol,Manual,Used,18400,81.0,2018
76823,BMW,1 Series,Petrol,Automatic,Used,13674,92.0,2016
132664,Toyota,Corolla,Diesel,Manual,Used,4925,106.0,2017
160608,Peugeot,508,Diesel,Automatic,Used,4074,161.0,2016
75588,SEAT,Ateca,Petrol,Manual,Used,8344,136.0,2019
203945,Opel,Insignia,Petrol,Manual,Used,2782,71.0,2012
6127,Opel,Corsa,Diesel,Automatic,Used,9189,157.0,2018
115252,Volkswagen,Passat,Diesel,Automatic,Used,4433,76.0,2011
153745,Mercedes-Benz,GLC,Petrol,Semi-automatic,Used,6465,75.0,2011
61443,Toyota,C-HR,Diesel,Manual,Used,8716,119.0,2018
143063,Ford,Mondeo,Petrol,Automatic,Used,3913,68.0,2012
500,Renault,Clio,Petrol,Automatic,Used,9834,85.0,2019
190306,Renault,Captur,Diesel,,New,5234,191.0,2012
225397,Audi,A4,Diesel,Manual,Used,4602,167.0,2012
59835,Mercedes-Benz,GLC,Diesel,Manual,Used,29783,218.0,2021
187993,Renault,Kadjar,Diesel,Manual,Used,2304,126.0,2012
22914,BMW,1 Series,Petrol,,Used,27582,159.0,2021
90495,Opel,Astra,Petrol,Manual,Used,4747,101.0,2014
47538,Toyota,Corolla,Electric,Manual,Used,15507,97.0,2019
88696,Renault,Captur,Diesel,Automatic,Used,9568,169.0,2021
137680,Peugeot,3008,Petrol,Semi-automatic,Used,3887,,2012
104076,Volkswagen,Polo,Diesel,Automatic,Used,7357,158.0,2014
113756,Mercedes-Benz,C-Class,Petrol,Automatic,Used,13033,88.0,2017
71079,Audi,A3,Diesel,Manual,New,23506,132.0,2020
105323,Audi,A6,Petrol,Automatic,Used,9113,87.0,2013
125848,Mercedes-Benz,E-Class,Petrol,Manual,Used,8341,92.0,2013
87433,Hyundai,i30,Diesel,Manual,Used,6171,183.0,2015
137439,BMW,1 Series,Hybrid,Manual,Used,8303,53.0,2013
173629,Renault,Clio,Diesel,Manual,Used,2707,205.0,2013
121859,SEAT,Arona,Diesel,Automatic,Used,3844,146.0,2012
68138,SEAT,Leon,Petrol,Automatic,Used,11589,108.0,2020
48558,Mercedes-Benz,GLC,Petrol,Manual,Used,14546,116.0,2019
231417,Audi,Q5,Diesel,Manual,Used,5401,75.0,2012
101159,SEAT,Ateca,Diesel,Manual,Used,5657,85.0,2016
56608,Audi,A4,Diesel,Manual,Used,20133,115.0,2018
95115,Renault,Clio,Electric,Automatic,New,12497,111.0,2017
3200,Volkswagen,Golf,Petrol,Automatic,Used,17674,88.0,2021
500,Volkswagen,Tiguan,,Manual,Used,13372,102.0,2018
51582,Renault,Clio,Diesel,Manual,Demonstration,9925,53.0,2018
156030,SEAT,Leon,Electric,Automatic,Used,4854,63.0,2011
109269,Volkswagen,Polo,Electric,Automatic,Used,7087,62.0,2011
72444,Toyota,RAV4,Diesel,Automatic,Used,11746,201.0,2017
500,Volkswagen,Tiguan,Petrol,Manual,Used,14469,132.0,2020
92831,Hyundai,Tucson,Diesel,Automatic,Used,6566,151.0,2015
68526,Renault,Kadjar,Diesel,Manual,New,8875,113.0,2018
138395,Hyundai,Tucson,Electric,Automatic,Used,4938,,2013
75613,Hyundai,i30,Electric,Manual,Used,9306,163.0,2016
42006,Audi,A3,Diesel,Automatic,Used,19983,146.0,2019
32558,Peugeot,208,Electric,Manual,Used,11554,186.0,2018
150379,Mercedes-Benz,E-Class,Petrol,Automatic,Used,7181,119.0,2012
32033,Opel,Astra,Petrol,Manual,Used,8316,141.0,2020
500,Mercedes-Benz,E-Class,Petrol,Automatic,Used,38030,162.0,2021
99369,Opel,Corsa,Petrol,Manual,Used,5086,68.0,2016
129151,Toyota,Corolla,Hybrid,Automatic,Used,5552,125.0,2014
84183,Opel,Mokka,Diesel,Manual,Used,5363,50.0,2016
129737,BMW,1 Series,Petrol,Automatic,Used,16654,122.0,2019
100075,Audi,A6,Diesel,Automatic,Used,12781,111.0,2015
155227,Peugeot,208,Petrol,Manual,Used,2670,90.0,2011
150216,Skoda,Fabia,Diesel,Manual,Used,3359,87.0,2011
11017,Skoda,Superb,Petrol,Manual,Used,11543,136.0,2019
69006,Opel,Insignia,Petrol,Manual,Used,6686,73.0,2019
20981,Audi,A4,Diesel,Automatic,Used,22110,212.0,2019
130122,SEAT,Leon,Diesel,Manual,Used,3260,132.0,2012
131162,SEAT,Leon,Diesel,Manual,Used,3566,70.0,2012
70527,Toyota,RAV4,Petrol,Manual,Used,8261,138.0,2015
73712,SEAT,Ibiza,Diesel,Manual,Used,5252,152.0,2013
88797,Hyundai,Tucson,Diesel,Manual,Used,6198,126.0,2015
105567,Peugeot,208,Petrol,Automatic,Used,7337,81.0,2017
126894,Volkswagen,Passat,Hybrid,Manual,Used,8505,209.0,2014
204620,Ford,Mondeo,Petrol,Automatic,Used,3196,150.0,2012
131283,Ford,Kuga,Diesel,Automatic,Used,5882,68.0,2015
78339,Volkswagen,Polo,Electric,Manual,Used,12633,121.0,2018
140893,Mercedes-Benz,GLC,Petrol,Automatic,Demonstration,12790,116.0,2017
116600,Peugeot,3008,Petrol,Automatic,Used,4058,123.0,2014
122208,Ford,Fiesta,Petrol,Automatic,Used,5131,69.0,2014
74599,BMW,3 Series,Diesel,Manual,Used,15837,113.0,2017
204033,Audi,A3,Petrol,Automatic,Used,4784,84.0,2012
30088,Audi,A3,Petrol,Manual,Used,21177,98.0,2020
7310,Mercedes-Benz,C-Class,Diesel,Automatic,Used,26774,146.0,2020
185569,BMW,X3,Diesel,Manual,Used,5343,84.0,2011
500,Peugeot,3008,Diesel,Manual,Used,13210,102.0,2021
183672,Peugeot,508,Petrol,Automatic,Used,2994,157.0,2011
104484,Opel,Insignia,Diesel,Manual,Used,6009,70.0,2016
53371,SEAT,Arona,Petrol,Manual,Used,7843,83.0,2018
139803,Hyundai,Tucson,Petrol,Automatic,Used,4050,67.0,2014
82927,Toyota,Corolla,Diesel,Manual,Used,6231,70.0,2013
170704,Volkswagen,Passat,Diesel,Manual,Used,4408,111.0,2011
28803,Hyundai,i30,Diesel,Manual,Used,9086,142.0,2019
265179,Volkswagen,Polo,Diesel,Automatic,Used,2736,84.0,2011
95454,Volkswagen,Polo,Petrol,Automatic,Used,8365,152.0,2016
84126,Ford,Kuga,Petrol,Automatic,Used,7462,129.0,2015
500,Renault,Megane,Electric,Automatic,Used,17525,68.0,2021
60689,Volkswagen,Passat,Hybrid,Automatic,Used,16906,138.0,2021
32749,Audi,Q5,Diesel,Automatic,Demonstration,26563,182.0,2019
17303,Audi,A4,Petrol,Automatic,Used,20021,50.0,2019
101770,Ford,Fiesta,Petrol,Automatic,Used,7962,215.0,2016
142740,Hyundai,i30,Petrol,Automatic,Used,5362,96.0,2014
172188,Audi,Q5,Diesel,Manual,Used,6004,50.0,2012
15691,Mercedes-Benz,C-Class,Diesel,Manual,Used,25853,121.0,2021
110572,BMW,1 Series,Petrol,Manual,Demonstration,11465,146.0,2015
113121,Mercedes-Benz,E-Class,Petrol,Manual,Used,11696,96.0,2015
161774,BMW,1 Series,Diesel,Semi-automatic,Used,6371,120.0,2012
134871,Skoda,Kodiaq,Diesel,Automatic,Used,4885,218.0,2014
113306,Opel,Mokka,Petrol,Automatic,Used,6359,135.0,2017
106975,Opel,Mokka,Petrol,Automatic,Used,4740,258.0,2015
46412,Peugeot,208,Petrol,Automatic,Used,8878,183.0,2017
129950,Skoda,Superb,Diesel,Automatic,Used,3891,124.0,2013
191382,BMW,3 Series,Diesel,Manual,Used,5259,118.0,2011
500,Ford,Fiesta,Petrol,Manual,New,18146,100.0,2020
42674,Audi,A3,Petrol,Manual,Used,10561,120.0,2015
152140,Peugeot,3008,Diesel,Manual,Used,3993,133.0,2014
173204,Audi,A6,Petrol,Manual,Used,6259,90.0,2014
15718,BMW,X3,Petrol,Manual,Used,18806,50.0,2018
78516,Renault,Clio,Petrol,Manual,Used,6315,170.0,2017
91016,Opel,Corsa,Diesel,Manual,Used,4151,153.0,2015
5871,BMW,X3,Petrol,Automatic,Used,23482,66.0,2021
40694,Renault,Kadjar,Hybrid,Manual,Used,9610,122.0,2020
89750,Mercedes-Benz,GLC,Diesel,Automatic,Used,12388,168.0,2013
21247,Toyota,Yaris,Diesel,Manual,Used,13989,154.0,2018
4456,Peugeot,308,Diesel,Semi-automatic,Used,15707,84.0,2021
84912,Ford,Focus,Diesel,Automatic,Used,7089,169.0,2016
125592,Skoda,Kodiaq,Hybrid,Automatic,Used,4500,121.0,2011
177638,Skoda,Octavia,Hybrid,Automatic,Used,4340,138.0,2012
45385,SEAT,Arona,Diesel,Automatic,Used,9209,86.0,2018
15236,Volkswagen,Golf,Electric,Manual,Used,17549,50.0,2020
159893,Audi,A3,Diesel,Manual,Used,6384,71.0,2012
70488,Mercedes-Benz,GLC,Petrol,Automatic,Used,18068,150.0,2017
119312,Renault,Megane,Petrol,Manual,Used,3661,101.0,2016
87330,Volkswagen,Polo,Diesel,Manual,Used,6504,137.0,2014
26091,Skoda,Superb,Petrol,Automatic,Used,9366,176.0,2017
19157,Renault,Megane,Petrol,Manual,Used,10249,99.0,2020
137108,Hyundai,Tucson,Diesel,Automatic,Used,4570,103.0,2013
121574,Audi,A4,Hybrid,Manual,Used,8546,50.0,2011
71429,Volkswagen,Polo,Diesel,Manual,Used,6639,50.0,2014
126380,Renault,Megane,Diesel,Manual,Used,3918,50.0,2014
33478,Volkswagen,Golf,Hybrid,Manual,Used,10977,137.0,2018
39162,Volkswagen,Polo,Diesel,Automatic,Used,9441,111.0,2016
198787,Hyundai,Tucson,Diesel,Automatic,Used,2890,96.0,2011
97887,Toyota,Yaris,Diesel,Manual,Used,5215,79.0,2014
85243,Renault,Clio,Diesel,Manual,Used,8236,78.0,2019
90996,Toyota,RAV4,Diesel,Automatic,Used,9118,167.0,2016
85317,Volkswagen,Polo,Diesel,Manual,Used,7976,115.0,2017
127598,BMW,3 Series,Petrol,Manual,Used,6759,152.0,2013
27069,Audi,A6,Petrol,Manual,Used,11762,50.0,2014
110212,Volkswagen,Tiguan,Electric,Automatic,Used,6519,145.0,2012
160600,Toyota,Yaris,Electric,Manual,Used,4077,83.0,2011
177766,Volkswagen,Golf,Diesel,Manual,Used,2988,92.0,2011
12361,Skoda,Fabia,Hybrid,Semi-automatic,Used,12217,172.0,2017
148124,Toyota,RAV4,Electric,Automatic,Used,6405,103.0,2012
35721,Renault,Clio,Electric,Automatic,Used,9705,148.0,2017
23212,Mercedes-Benz,GLC,Petrol,Automatic,Used,28640,84.0,2021
59321,Opel,Corsa,Diesel,Automatic,Used,7443,129.0,2018
101023,Skoda,Octavia,Diesel,Automatic,Used,8105,54.0,2017
187339,Peugeot,508,Electric,Automatic,Demonstration,3809,118.0,2012
106065,Opel,Astra,Petrol,Manual,Demonstration,5868,127.0,2016
60114,Audi,A3,Electric,Manual,Used,26333,164.0,2020
92738,Peugeot,508,Petrol,Automatic,Used,6388,87.0,2015
128809,Toyota,RAV4,Diesel,Automatic,New,14196,105.0,2020
17341,Opel,Corsa,Diesel,Manual,Used,8681,83.0,2018
116529,Volkswagen,Passat,Hybrid,Automatic,Used,5452,111.0,2013
181548,Skoda,Superb,Diesel,Automatic,Used,3366,78.0,2012
191345,Toyota,RAV4,Petrol,Manual,Used,2894,50.0,2011
137059,Hyundai,i20,Hybrid,Automatic,Used,4683,76.0,2014
143636,Ford,Kuga,Diesel,Manual,Demonstration,5052,106.0,2014
500,BMW,5 Series,Diesel,Automatic,Demonstration,25504,120.0,2018
130625,Skoda,Kodiaq,Petrol,Semi-automatic,Used,6908,136.0,2017
82864,Peugeot,3008,Petrol,Automatic,Used,7570,163.0,2016
103606,Hyundai,i20,Petrol,Automatic,Used,8108,107.0,2018
500,Volkswagen,Tiguan,Diesel,Automatic,Used,13080,57.0,2019
68980,Audi,A4,Diesel,Manual,Used,16492,130.0,2018
10277,Opel,Corsa,Diesel,Automatic,Used,12056,129.0,2020
140024,BMW,1 Series,Diesel,Manual,Used,9404,96.0,2014
41097,Toyota,C-HR,Diesel,Automatic,Used,14735,184.0,2020
117812,BMW,1 Series,Petrol,Automatic,Demonstration,11776,144.0,2015
97937,SEAT,Ateca,Diesel,Automatic,Used,5881,128.0,2013
148006,Hyundai,Kona,Petrol,Manual,Used,3701,113.0,2012
143694,Renault,Clio,Electric,Manual,Used,3363,144.0,2012
32336,Peugeot,3008,Petrol,Manual,Used,8661,84.0,2021
184625,Audi,A4,Petrol,Manual,Used,6960,66.0,2012
35267,Peugeot,308,Diesel,Manual,Used,8089,103.0,2020
500,Opel,Astra,Petrol,Manual,Used,9476,60.0,2019
108765,Volkswagen,Golf,Diesel,Automatic,Used,8066,122.0,2015
106388,Ford,Fiesta,Diesel,Manual,Used,7585,119.0,2021
87610,Ford,Mondeo,Petrol,Automatic,New,11961,126.0,2020
500,Skoda,Superb,Diesel,Manual,Demonstration,14979,99.0,2021
92217,Audi,A4,Diesel,Automatic,Used,16673,199.0,2016
152624,Opel,Corsa,Petrol,Automatic,New,6429,165.0,2014
158619,Opel,Insignia,Petrol,Automatic,Used,2553,116.0,2011
13897,Audi,A3,Diesel,Automatic,New,36823,133.0,2020
20656,Renault,Captur,Diesel,Automatic,Demonstration,13627,191.0,2020
109327,Audi,A6,Diesel,Manual,Used,10733,84.0,2016
124804,Peugeot,208,Petrol,Automatic,Used,2731,77.0,2011
71604,Audi,A6,Petrol,Manual,Used,24002,124.0,2020
118040,Toyota,RAV4,Diesel,Automatic,Used,4970,142.0,2014
42274,Ford,Kuga,Petrol,Automatic,Used,9926,148.0,2017
99352,Volkswagen,Polo,Hybrid,Manual,Used,9721,149.0,2018
95920,BMW,X3,Petrol,Automatic,Used,9782,88.0,2012
145568,Peugeot,508,Petrol,Manual,Used,3170,50.0,2011
144991,Toyota,Yaris,Petrol,Automatic,Used,3753,94.0,2011
90038,Mercedes-Benz,A-Class,Electric,Automatic,Used,25104,156.0,2021
500,SEAT,Ateca,Hybrid,Manual,Used,12758,74.0,2021
29576,Skoda,Fabia,Diesel,Automatic,Used,8753,50.0,2015
84636,BMW,5 Series,Diesel,Manual,Demonstration,13802,115.0,2015
120944,Opel,Mokka,Diesel,Automatic,Used,4301,98.0,2015
147443,Renault,Megane,Petrol,Automatic,Used,3646,50.0,2014
169679,Hyundai,Tucson,Diesel,Manual,Used,5716,113.0,2016
169241,Toyota,Yaris,Electric,Manual,Used,6649,91.0,2014
81577,BMW,1 Series,Diesel,Manual,Used,16642,186.0,2017
73800,Mercedes-Benz,A-Class,Petrol,Automatic,Used,9978,128.0,2015
131841,Opel,Mokka,Diesel,Automatic,Demonstration,6381,152.0,2017
2100,BMW,X3,Petrol,Manual,Used,27454,114.0,2021
111964,Skoda,Fabia,Petrol,Manual,Used,4197,80.0,2013
150402,Volkswagen,Polo,Petrol,Manual,Used,3501,83.0,2011
46170,BMW,X3,Petrol,Manual,Used,14576,159.0,2016
133724,Volkswagen,Tiguan,Diesel,Manual,Demonstration,4573,140.0,2012
126841,Audi,A3,Petrol,Automatic,Used,7506,55.0,2013
70573,Peugeot,508,Electric,Manual,Used,9438,57.0,2019
91417,Mercedes-Benz,GLC,Petrol,Automatic,Used,12999,70.0,2015
30639,Hyundai,i20,Petrol,Manual,New,11536,159.0,2017
500,Audi,A3,Petrol,Automatic,Used,22063,50.0,2019
157335,Volkswagen,Passat,Electric,Manual,Used,6344,141.0,2012
92542,Ford,Mondeo,Petrol,Manual,Used,5287,128.0,2016
145599,Renault,Megane,Hybrid,Manual,Used,3332,112.0,2011
73639,BMW,X3,Petrol,Automatic,New,19232,104.0,2016
148597,Volkswagen,Tiguan,Diesel,Semi-automatic,Used,5303,160.0,2013
63669,Toyota,Corolla,Diesel,Manual,Used,12615,120.0,2021
107695,SEAT,Ibiza,Petrol,Automatic,Demonstration,4638,57.0,2013
138112,Ford,Mondeo,Petrol,Automatic,Used,5154,67.0,2013
198539,Peugeot,308,Petrol,Manual,Demonstration,2319,50.0,2011
122836,Toyota,Corolla,Hybrid,Automatic,Used,5215,175.0,2012
134453,Ford,Fiesta,Petrol,Manual,Used,4509,171.0,2013
133670,Skoda,Superb,Diesel,Automatic,Used,4650,171.0,2013
500,Volkswagen,Polo,Petrol,Automatic,Used,18115,122.0,2019
35897,Audi,A6,Diesel,Manual,Demonstration,22406,50.0,2020
31104,SEAT,Ateca,Petrol,Automatic,Used,13774,82.0,2020
34428,Mercedes-Benz,C-Class,Electric,Manual,Used,32705,71.0,2021
500,Hyundai,i30,Diesel,Automatic,Used,13499,127.0,2020
90349,Hyundai,i20,Petrol,Automatic,Used,8192,187.0,2016
153361,Audi,A3,Petrol,Automatic,Used,8919,186.0,2015
132712,Ford,Mondeo,Diesel,Manual,Demonstration,7047,90.0,2018
164805,Mercedes-Benz,A-Class,Petrol,Manual,Used,8133,50.0,2014
33802,Skoda,Superb,Petrol,Automatic,Used,10409,73.0,2017
30787,BMW,1 Series,Petrol,Automatic,Used,24180,183.0,2021
118090,Ford,Kuga,Diesel,Automatic,Used,4051,132.0,2013
54937,Skoda,Kodiaq,Diesel,Manual,Used,10537,97.0,2019
500,SEAT,Ateca,Petrol,Automatic,Used,13910,111.0,2021
30028,SEAT,Leon,Diesel,Automatic,Used,8714,91.0,2016
107942,Mercedes-Benz,A-Class,Diesel,Automatic,Used,9893,69.0,2014
160291,Peugeot,308,Hybrid,Manual,Used,3654,200.0,2013
160080,Renault,Kadjar,Petrol,Manual,New,4076,183.0,2012
134103,Peugeot,208,Petrol,Manual,Used,3922,71.0,2014
52572,Opel,Mokka,Hybrid,Automatic,Used,9937,50.0,2019
104158,Toyota,C-HR,Diesel,Automatic,Demonstration,9333,133.0,2016
153533,Ford,Focus,Diesel,Automatic,Used,5297,115.0,2013
80386,Peugeot,3008,Petrol,Manual,Demonstration,7014,138.0,2016
47901,Mercedes-Benz,GLC,Petrol,Automatic,New,27227,166.0,2019
226014,Mercedes-Benz,A-Class,Diesel,Automatic,Used,4831,67.0,2011
169971,Skoda,Fabia,Petrol,Manual,Used,3708,163.0,2011
16490,Skoda,Kodiaq,Diesel,Manual,Used,16485,99.0,2021
48601,Renault,Captur,Petrol,Manual,Used,10142,140.0,2019
67373,Audi,A3,Petrol,Automatic,Used,13698,114.0,2017
14763,Toyota,Yaris,Petrol,Manual,Used,17886,156.0,2020
82304,Audi,A6,Diesel,Manual,Used,13124,50.0,2017
72300,Skoda,Fabia,Diesel,Automatic,Used,7489,158.0,2016
129907,Hyundai,i20,Electric,Automatic,Used,5517,85.0,2013
17332,Skoda,Kodiaq,Electric,Automatic,Used,19668,131.0,2019
48780,Renault,Clio,Petrol,Automatic,Used,10063,184.0,2019
140447,Toyota,Yaris,Diesel,Automatic,Used,4755,87.0,2014
37583,Hyundai,i30,Petrol,Automatic,Used,9248,,2019
500,Opel,Astra,Diesel,Automatic,Used,8322,110.0,2018
170663,Opel,Corsa,Diesel,Manual,Used,2441,86.0,2012
154206,Mercedes-Benz,GLC,Diesel,Automatic,Used,7344,74.0,2012
40237,Skoda,Kodiaq,Diesel,,Used,8898,131.0,2017
102064,Hyundai,Kona,Diesel,Automatic,New,9242,133.0,2017
11055,Opel,Corsa,Diesel,Manual,Used,10471,133.0,2018
141589,Ford,Focus,Petrol,Manual,Used,5758,72.0,2015
27992,BMW,1 Series,Petrol,Manual,Used,25278,72.0,2020
25590,Ford,Fiesta,Diesel,Manual,Used,6280,104.0,2015
141242,Mercedes-Benz,A-Class,Diesel,Manual,Used,9627,96.0,2013
135783,Hyundai,i20,Electric,Manual,Used,4874,96.0,2012
10510,Skoda,Superb,Diesel,Manual,Used,13813,82.0,2020
34180,BMW,X3,Diesel,Automatic,Used,21949,142.0,2018
85547,Volkswagen,Tiguan,Petrol,Automatic,Used,9221,83.0,2016
118018,Toyota,Yaris,Petrol,Automatic,Demonstration,4983,117.0,2013
85016,Hyundai,i30,Petrol,Manual,Used,4299,92.0,2012
194522,Peugeot,508,Diesel,Manual,New,3432,,2012
141447,BMW,5 Series,Diesel,Manual,Used,6020,159.0,2012
64382,BMW,X3,Diesel,Automatic,Used,15403,66.0,2016
95505,Mercedes-Benz,C-Class,Petrol,Manual,Used,10994,,2013
176976,Peugeot,3008,Diesel,Automatic,Used,3007,,2012
74555,Peugeot,308,Diesel,Manual,Used,5195,56.0,2014
64690,Toyota,RAV4,Diesel,Manual,Used,9826,50.0,2018
69572,BMW,1 Series,Hybrid,Manual,Used,15709,189.0,2016
131610,BMW,X3,Diesel,Manual,Used,8299,131.0,2012
6375,Toyota,Corolla,Diesel,Manual,Used,11517,143.0,2019
68289,Hyundai,i20,Electric,Automatic,Used,10183,112.0,2016
135308,Renault,Megane,Petrol,Manual,Used,3624,126.0,2013
68236,BMW,1 Series,Petrol,Manual,Used,14119,93.0,2018
500,Volkswagen,Golf,Petrol,Manual,Used,17263,152.0,2021
86817,Volkswagen,Passat,Diesel,Semi-automatic,Used,9991,119.0,2016
181096,Renault,Megane,Petrol,Automatic,Used,2436,119.0,2012
61808,Toyota,Corolla,Diesel,Automatic,Used,7776,125.0,2014
74781,SEAT,Ateca,Hybrid,Manual,Used,10532,177.0,2017
500,Audi,A4,Diesel,Automatic,Used,24973,138.0,2021
500,Peugeot,308,Petrol,Manual,Demonstration,13234,69.0,2021
24135,Volkswagen,Passat,Petrol,Automatic,Used,17652,145.0,2021
10916,Peugeot,508,Diesel,Automatic,Used,12974,151.0,2020
32412,Toyota,C-HR,Diesel,Manual,Used,10654,104.0,2017
106350,Renault,Captur,Petrol,Manual,Used,5511,110.0,2018
77203,Toyota,RAV4,Diesel,Automatic,Used,11613,80.0,2019
500,SEAT,Arona,Hybrid,Manual,Used,12371,116.0,2018
8395,Opel,Corsa,Diesel,Manual,Used,9221,57.0,2018
170771,Audi,A4,Petrol,Manual,Used,6853,95.0,2012
20029,Hyundai,i30,Petrol,Manual,Used,9808,84.0,2020
217520,Renault,Captur,Petrol,Automatic,Used,2652,164.0,2011
126572,Mercedes-Benz,A-Class,Petrol,Manual,Used,10383,179.0,2015
115481,Hyundai,i20,Petrol,Automatic,Used,6059,73.0,2015
500,Volkswagen,Tiguan,Petrol,Manual,Used,18959,115.0,2021
182200,SEAT,Leon,Petrol,Manual,Used,3473,91.0,2011
45348,Mercedes-Benz,GLC,Petrol,Manual,Used,15830,131.0,2016
165684,SEAT,Ateca,Diesel,Automatic,New,5488,127.0,2014
164775,Ford,Mondeo,Diesel,Manual,Used,3224,89.0,2012
106131,Opel,Insignia,Diesel,Automatic,Used,3641,126.0,2013
133164,Renault,Captur,Petrol,Automatic,Used,4990,114.0,2015
93453,Peugeot,208,Electric,Automatic,Used,10978,202.0,2021
97383,Ford,Fiesta,Diesel,Manual,New,8583,73.0,2015
49264,Hyundai,Kona,Petrol,Manual,Used,10601,126.0,2020
29886,Opel,Corsa,Diesel,Automatic,Used,7636,151.0,2019
32987,BMW,3 Series,Petrol,Automatic,Used,27563,149.0,2020
500,Volkswagen,Golf,Petrol,Automatic,New,14005,116.0,2020
59981,Mercedes-Benz,A-Class,Petrol,Automatic,Used,19277,189.0,2018
46525,Renault,Captur,Petrol,Manual,Used,8485,50.0,2019
212965,Skoda,Kodiaq,Petrol,Automatic,Used,2270,72.0,2012
500,Ford,Mondeo,Diesel,Automatic,Used,13289,157.0,2018
155169,Opel,Insignia,Petrol,Semi-automatic,Used,2374,65.0,2011
90084,Toyota,RAV4,Diesel,Automatic,Used,10178,86.0,2019
51538,Skoda,Kodiaq,Electric,Manual,Used,14559,91.0,2018
39003,Volkswagen,Golf,Petrol,Automatic,Used,13649,93.0,2019
30836,Volkswagen,Passat,Diesel,Automatic,Used,12776,156.0,2018
72359,Opel,Corsa,Diesel,Manual,Used,5333,150.0,2015
41095,Ford,Mondeo,Petrol,Automatic,Used,9816,128.0,2015
52977,Toyota,C-HR,Hybrid,Manual,Used,12049,158.0,2017
55373,Skoda,Superb,Diesel,Manual,Used,7053,50.0,2016
124131,Peugeot,3008,Petrol,Automatic,Used,4284,126.0,2014
62432,SEAT,Ateca,Diesel,Manual,Used,6493,171.0,2016
73214,Ford,Kuga,Petrol,Automatic,New,10125,169.0,2016
119173,SEAT,Ibiza,Petrol,Manual,Used,5532,172.0,2013
58314,SEAT,Leon,Diesel,Automatic,Used,9024,100.0,2018
101502,Renault,Captur,Petrol,Automatic,Used,4146,164.0,2014
97837,Mercedes-Benz,A-Class,Diesel,Automatic,Used,10763,103.0,2013
108002,SEAT,Ibiza,Petrol,Manual,New,7224,136.0,2015
187362,Audi,Q5,Diesel,Semi-automatic,Used,6458,165.0,2012
79496,Peugeot,508,Petrol,Manual,New,8429,75.0,2017
23656,Peugeot,3008,Diesel,Automatic,Used,11743,50.0,2019
10690,SEAT,Ibiza,Petrol,Manual,Used,13041,198.0,2021
48228,Hyundai,Kona,Diesel,Manual,Used,5667,130.0,2014
85121,Skoda,Octavia,Petrol,Automatic,Used,8652,120.0,2016
75988,Volkswagen,Polo,Diesel,Manual,Used,6434,103.0,2016
12329,SEAT,Arona,Diesel,Manual,Demonstration,12109,50.0,2019
48677,Peugeot,3008,Petrol,Manual,Used,8280,120.0,2017
30642,BMW,3 Series,Petrol,Manual,Used,14442,89.0,2019
64736,BMW,3 Series,Petrol,Semi-automatic,Used,19029,116.0,2020
188222,Audi,A4,Petrol,Automatic,Used,5087,122.0,2012
87516,Toyota,RAV4,Petrol,Manual,Used,4958,50.0,2014
41867,Skoda,Superb,Electric,Automatic,Demonstration,14087,149.0,2018
72759,Hyundai,i20,Diesel,Automatic,Used,7330,134.0,2016
118334,Toyota,Yaris,Hybrid,Automatic,Used,7702,140.0,2016
155093,Skoda,Superb,Electric,Automatic,Used,5967,113.0,2012
78248,Renault,Clio,Diesel,Manual,Used,6453,113.0,2017
63769,Audi,A3,Diesel,Manual,Demonstration,18766,121.0,2019
144126,BMW,5 Series,Petrol,Automatic,Used,5704,132.0,2011
122736,Ford,Kuga,Petrol,Automatic,Used,7103,147.0,2017
29939,SEAT,Ibiza,Diesel,Automatic,Used,15785,142.0,2020
45043,Mercedes-Benz,C-Class,Diesel,Manual,Used,16494,194.0,2017
6963,Mercedes-Benz,C-Class,Diesel,Automatic,Used,27307,97.0,2021
163117,Volkswagen,Polo,Petrol,Manual,Used,4300,91.0,2014
150120,Renault,Clio,Petrol,Automatic,Used,3648,196.0,2011
93235,Toyota,Yaris,Diesel,Manual,Used,10109,105.0,2018
113113,Peugeot,308,Petrol,Automatic,Used,4254,164.0,2013
138202,Ford,Focus,Petrol,Semi-automatic,Used,3324,111.0,2011
173086,SEAT,Leon,Hybrid,Manual,Used,3202,96.0,2012
500,Hyundai,Tucson,Diesel,Automatic,Used,15377,174.0,2021
73789,SEAT,Ibiza,Diesel,Automatic,Used,10939,151.0,2019
132307,Audi,A6,Diesel,Manual,Used,8344,50.0,2014
44424,Ford,Kuga,Petrol,Manual,Used,10236,119.0,2017
117500,Renault,Captur,Diesel,Automatic,Demonstration,4446,78.0,2014
130793,Opel,Insignia,Diesel,Manual,Used,2411,163.0,2012
27214,Toyota,C-HR,Petrol,Manual,Used,21593,194.0,2021
111073,Toyota,Yaris,Petrol,Automatic,Used,10770,212.0,2019
107025,Volkswagen,Golf,Diesel,Automatic,Used,7467,139.0,2014
138682,Renault,Megane,Diesel,Automatic,Used,3665,102.0,2014
45855,Ford,Kuga,Diesel,Automatic,Used,9415,142.0,2019
90842,Skoda,Kodiaq,Diesel,Manual,Used,7026,68.0,2016
99218,Audi,Q5,Diesel,Automatic,Used,9503,230.0,2015
74990,Ford,Kuga,Diesel,Manual,Used,6575,163.0,2015
116730,Audi,A4,Diesel,Manual,Used,11423,123.0,2015
79894,Volkswagen,Polo,Electric,Automatic,Used,12492,170.0,2016
133332,Peugeot,208,Electric,Automatic,Used,4388,98.0,2011
125496,BMW,5 Series,Diesel,Manual,Used,12111,60.0,2016
108465,Ford,Kuga,Petrol,Semi-automatic,Used,5691,50.0,2015
112017,Mercedes-Benz,C-Class,Diesel,Automatic,Used,8243,127.0,2014
166902,BMW,1 Series,Petrol,Manual,Used,7187,99.0,2014
40737,Ford,Mondeo,Electric,Manual,Used,12080,132.0,2015
149549,Hyundai,i30,Petrol,Manual,Used,4464,110.0,2015
500,Hyundai,Kona,Petrol,Automatic,Used,17609,150.0,2020
97404,Ford,Focus,Diesel,Manual,Used,7474,146.0,2016
69418,Skoda,Kodiaq,Diesel,Manual,Used,7077,50.0,2016
102695,Hyundai,Kona,Petrol,Manual,Used,4245,146.0,2013
60986,Mercedes-Benz,C-Class,Diesel,Semi-automatic,Used,23025,97.0,2021
229968,Hyundai,Tucson,Petrol,Manual,Used,2755,128.0,2011
67257,BMW,5 Series,Petrol,Manual,Used,12081,157.0,2017
161742,Mercedes-Benz,GLC,Diesel,Manual,Used,7137,152.0,2012
46995,Ford,Focus,Petrol,Manual,Used,7850,119.0,2019
165568,Volkswagen,Golf,Petrol,Manual,Used,5190,117.0,2015
46040,Peugeot,308,Petrol,Automatic,Used,5182,163.0,2014
178199,Toyota,Yaris,Petrol,Automatic,Used,3832,52.0,2011
19551,Ford,Fiesta,Petrol,Manual,Used,10318,70.0,2019
22541,Toyota,RAV4,Diesel,Automatic,Used,11476,111.0,2015
122381,Peugeot,3008,Petrol,Manual,Used,3514,50.0,2013
94682,Peugeot,3008,Diesel,Automatic,Used,7868,117.0,2020
142038,Peugeot,208,Diesel,Manual,Demonstration,2716,90.0,2011
117677,Skoda,Octavia,Hybrid,Automatic,Used,8014,129.0,2016
191954,BMW,1 Series,Diesel,Automatic,Used,6330,118.0,2012
149556,Hyundai,i30,Diesel,Automatic,Used,4417,169.0,2012
169216,SEAT,Ibiza,Diesel,Manual,Demonstration,3728,131.0,2011
74930,Toyota,Corolla,Hybrid,Automatic,Used,8068,119.0,2013
500,Hyundai,i20,Electric,Automatic,Used,20961,115.0,2021
136745,Mercedes-Benz,E-Class,Diesel,Automatic,Used,11331,122.0,2015
17124,Ford,Mondeo,Petrol,Manual,Used,15422,114.0,2021
147857,Mercedes-Benz,E-Class,Diesel,Manual,Used,6943,220.0,2013
49661,Volkswagen,Passat,Petrol,Manual,Used,11080,50.0,2019
241720,Hyundai,i30,Petrol,Manual,Used,1749,63.0,2011
134932,Hyundai,i30,Diesel,Manual,Used,3822,58.0,2012
221189,Hyundai,Tucson,Petrol,Automatic,Demonstration,3530,132.0,2011
34673,Toyota,RAV4,Electric,Manual,Demonstration,22152,124.0,2020
119297,SEAT,Leon,Diesel,Manual,Used,6183,86.0,2018
2126,Skoda,Octavia,Diesel,Manual,Used,14526,153.0,2019
21463,Hyundai,Kona,Hybrid,Automatic,New,22568,147.0,2021
106221,Skoda,Octavia,Diesel,Automatic,Used,6376,165.0,2014
64882,SEAT,Arona,Petrol,Automatic,Demonstration,8962,181.0,2018
132783,Mercedes-Benz,E-Class,Petrol,Automatic,Used,12712,50.0,2016
103258,Renault,Kadjar,Diesel,Automatic,Used,4962,156.0,2016
102713,Peugeot,308,Diesel,Manual,Used,5982,54.0,2018
66542,Renault,Captur,Diesel,Automatic,Used,7404,136.0,2016
136201,Opel,Insignia,Diesel,Manual,Used,2742,102.0,2011
